
INSERT INTO pcs_prc_function (id, name, code, parent_function_id, sort, type) VALUES ('025e702fc3c4', '流程列表', 'SysFlowList', '063143949cc7', 42, '1');
INSERT INTO pcs_prc_function (id, name, code, parent_function_id, sort, type) VALUES ('05edc354e9ce', '添加报表', 'ReportAdd', '36bb7d9c537e', 29, '2');
INSERT INTO pcs_prc_function (id, name, code, parent_function_id, sort, type) VALUES ('063143949cc7', '流程中心', 'SysFlow', NULL, NULL, '1');
INSERT INTO pcs_prc_function (id, name, code, parent_function_id, sort, type) VALUES ('09a64b79b631', '添加迭代', 'SpintAdd', '1ff199504908', 1, '2');
INSERT INTO pcs_prc_function (id, name, code, parent_function_id, sort, type) VALUES ('0c73e628fd54', '插件', 'SysPlugin', NULL, 1, '1');
INSERT INTO pcs_prc_function (id, name, code, parent_function_id, sort, type) VALUES ('138654cdc36c', '消息发送方式', 'SysMessageSendType', '47fb980c2919', 41, '1');
INSERT INTO pcs_prc_function (id, name, code, parent_function_id, sort, type) VALUES ('1843bd5f5a73', '模块', 'module', NULL, 37, '2');
INSERT INTO pcs_prc_function (id, name, code, parent_function_id, sort, type) VALUES ('1f777ba063f7', '系统角色管理', 'SysRoleSys', '63fd58715558', 48, '1');
INSERT INTO pcs_prc_function (id, name, code, parent_function_id, sort, type) VALUES ('1ff199504908', '迭代', 'Sprint', NULL, 4, '2');
INSERT INTO pcs_prc_function (id, name, code, parent_function_id, sort, type) VALUES ('290accfb27c3', '表单中心', 'SysForm', NULL, NULL, '1');
INSERT INTO pcs_prc_function (id, name, code, parent_function_id, sort, type) VALUES ('2a6be8fda76f', '里程碑', 'Milestone', NULL, 5, '2');
INSERT INTO pcs_prc_function (id, name, code, parent_function_id, sort, type) VALUES ('2f2548b9de7b', '添加项目集', 'ProgramAdd', NULL, 32, '1');
INSERT INTO pcs_prc_function (id, name, code, parent_function_id, sort, type) VALUES ('321751dfd3a5', '项目角色管理', 'SysRoleProject', '63fd58715558', 0, '1');
INSERT INTO pcs_prc_function (id, name, code, parent_function_id, sort, type) VALUES ('36bb7d9c537e', '报表', 'Report', NULL, 1, '2');
INSERT INTO pcs_prc_function (id, name, code, parent_function_id, sort, type) VALUES ('3d513cb49e30', '添加版本', 'VersionAdd', '7d9b12620349', 1, '2');
INSERT INTO pcs_prc_function (id, name, code, parent_function_id, sort, type) VALUES ('3e642d400783', '日志模板', 'SysLogTemplate', '5d2518f49057', 50, '1');
INSERT INTO pcs_prc_function (id, name, code, parent_function_id, sort, type) VALUES ('40d00b88b805', '删除报表', 'ReportDelete', '36bb7d9c537e', 30, '2');
INSERT INTO pcs_prc_function (id, name, code, parent_function_id, sort, type) VALUES ('47fb980c2919', '消息中心', 'SysMessage', NULL, NULL, '1');
INSERT INTO pcs_prc_function (id, name, code, parent_function_id, sort, type) VALUES ('48717b977129', '待办', 'SysTodo', NULL, 52, '1');
INSERT INTO pcs_prc_function (id, name, code, parent_function_id, sort, type) VALUES ('49e12c2b8fca', '权限', 'SysPermission', '63fd58715558', 47, '1');
INSERT INTO pcs_prc_function (id, name, code, parent_function_id, sort, type) VALUES ('4b982e213c12', '编辑模块', 'ModuleEdit', '1843bd5f5a73', 39, '2');
INSERT INTO pcs_prc_function (id, name, code, parent_function_id, sort, type) VALUES ('4cdb5348a9ca', '添加项目', 'ProjectAdd', NULL, 26, '1');
INSERT INTO pcs_prc_function (id, name, code, parent_function_id, sort, type) VALUES ('4f3307200787', '操作日志', 'SysLogList', '5d2518f49057', 45, '1');
INSERT INTO pcs_prc_function (id, name, code, parent_function_id, sort, type) VALUES ('519fc38f6390', '字段', 'SysField', '290accfb27c3', 0, '1');
INSERT INTO pcs_prc_function (id, name, code, parent_function_id, sort, type) VALUES ('5386b5add6a5', '编辑迭代', 'SprintEdit', '1ff199504908', 1, '2');
INSERT INTO pcs_prc_function (id, name, code, parent_function_id, sort, type) VALUES ('556157bb8449', '添加版本事项', 'VersionWorkAdd', '7d9b12620349', 25, '2');
INSERT INTO pcs_prc_function (id, name, code, parent_function_id, sort, type) VALUES ('5d5b64c3d172', '待办类型', 'SysTodoList', '48717b977129', 54, '1');
INSERT INTO pcs_prc_function (id, name, code, parent_function_id, sort, type) VALUES ('63fd58715558', '权限中心', 'SysPriviliege', NULL, 1, '1');
INSERT INTO pcs_prc_function (id, name, code, parent_function_id, sort, type) VALUES ('66bd7120b0de', '关联项目', 'RelationProject', 'dae13d309463', 1, '2');
INSERT INTO pcs_prc_function (id, name, code, parent_function_id, sort, type) VALUES ('72e68d34870e', '项目', 'Project', NULL, 1, '2');
INSERT INTO pcs_prc_function (id, name, code, parent_function_id, sort, type) VALUES ('746c3becb86f', '消息类型', 'SysMessageType', '47fb980c2919', 49, '1');
INSERT INTO pcs_prc_function (id, name, code, parent_function_id, sort, type) VALUES ('77da6376511e', '项目类型', 'SysProjectType', NULL, 1, '1');
INSERT INTO pcs_prc_function (id, name, code, parent_function_id, sort, type) VALUES ('7c8652d3e2f0', '字段类型', 'SysFieldType', '290accfb27c3', 0, '1');
INSERT INTO pcs_prc_function (id, name, code, parent_function_id, sort, type) VALUES ('7ff4702ebe64', '项目功能管理', 'SysFeatrueProject', '63fd58715558', 0, '1');
INSERT INTO pcs_prc_function (id, name, code, parent_function_id, sort, type) VALUES ('86db94ef62a6', '用户管理', 'SysUser', '1465dc3ae3c4', NULL, '2');
INSERT INTO pcs_prc_function (id, name, code, parent_function_id, sort, type) VALUES ('8d33e4945151', '表单', 'SysFormList', '290accfb27c3', 1, '1');
INSERT INTO pcs_prc_function (id, name, code, parent_function_id, sort, type) VALUES ('90b4e472163a', '事项类型', 'SysWorkType', 'fdb16c391ffc', 0, '1');
INSERT INTO pcs_prc_function (id, name, code, parent_function_id, sort, type) VALUES ('9538263abda4', '编辑项目集', 'ProjectSetEdit', 'dae13d309463', 36, '2');
INSERT INTO pcs_prc_function (id, name, code, parent_function_id, sort, type) VALUES ('97c93ffe00c9', '组织管理', 'SysOrga', '1465dc3ae3c4', NULL, '2');
INSERT INTO pcs_prc_function (id, name, code, parent_function_id, sort, type) VALUES ('a11ca9e4559e', '消息通知方案', 'SysMessageNotice', '47fb980c2919', 1, '1');
INSERT INTO pcs_prc_function (id, name, code, parent_function_id, sort, type) VALUES ('a13114663695', '编辑报表', 'ReportEdit', '36bb7d9c537e', 31, '2');
INSERT INTO pcs_prc_function (id, name, code, parent_function_id, sort, type) VALUES ('a3ee33eba363', '编辑项目', 'ProjectEdit', '72e68d34870e', 27, '2');
INSERT INTO pcs_prc_function (id, name, code, parent_function_id, sort, type) VALUES ('aa2bd97ffce7', '删除版本', 'VersionDelete', '7d9b12620349', 1, '2');
INSERT INTO pcs_prc_function (id, name, code, parent_function_id, sort, type) VALUES ('abe6fffaae63', '编辑里程碑', 'MilestoneEdit', '2a6be8fda76f', 1, '2');
INSERT INTO pcs_prc_function (id, name, code, parent_function_id, sort, type) VALUES ('b80a4416f42f', '添加模块', 'ModuleAdd', '1843bd5f5a73', 38, '2');
INSERT INTO pcs_prc_function (id, name, code, parent_function_id, sort, type) VALUES ('bfbb4a6b97a4', '删除迭代', 'SprintDelete', '1ff199504908', 28, '2');
INSERT INTO pcs_prc_function (id, name, code, parent_function_id, sort, type) VALUES ('c5af706628c2', '系统功能管理', 'SysFeatrueSys', '63fd58715558', 1, '1');
INSERT INTO pcs_prc_function (id, name, code, parent_function_id, sort, type) VALUES ('c9efe0b7e166', '日志类型', 'SysLogType', '5d2518f49057', 51, '1');
INSERT INTO pcs_prc_function (id, name, code, parent_function_id, sort, type) VALUES ('ce9b25e6cac7', '添加事项', 'WorkAdd', 'fdb16c391ffc', 0, '2');
INSERT INTO pcs_prc_function (id, name, code, parent_function_id, sort, type) VALUES ('d3447a36dd98', '删除里程碑', 'MilestoneDele', '2a6be8fda76f', 1, '2');
INSERT INTO pcs_prc_function (id, name, code, parent_function_id, sort, type) VALUES ('d7e0583f53e7', '删除事项', 'WorkDelete', 'fdb16c391ffc', 0, '2');
INSERT INTO pcs_prc_function (id, name, code, parent_function_id, sort, type) VALUES ('d893af6f93ff', '删除项目', 'ProjectDelete', '72e68d34870e', 1, '2');
INSERT INTO pcs_prc_function (id, name, code, parent_function_id, sort, type) VALUES ('da52f90b3707', '添加里程碑', 'MilestoneAdd', '2a6be8fda76f', 1, '2');
INSERT INTO pcs_prc_function (id, name, code, parent_function_id, sort, type) VALUES ('dae13d309463', '项目集', 'ProjectSet', NULL, 35, '2');
INSERT INTO pcs_prc_function (id, name, code, parent_function_id, sort, type) VALUES ('de21752872e9', '流程状态', 'SysFlowNode', '063143949cc7', 43, '1');
INSERT INTO pcs_prc_function (id, name, code, parent_function_id, sort, type) VALUES ('df306d70374c', '删除项目集', 'ProjectSetDelete', 'dae13d309463', 1, '2');
INSERT INTO pcs_prc_function (id, name, code, parent_function_id, sort, type) VALUES ('f4f16a0df8e4', '编辑版本', 'VersionEdit', '7d9b12620349', 1, '2');
INSERT INTO pcs_prc_function (id, name, code, parent_function_id, sort, type) VALUES ('f9e27dd6f76e', '待办管理', 'SysSetting', '48717b977129', 53, '1');
INSERT INTO pcs_prc_function (id, name, code, parent_function_id, sort, type) VALUES ('fdb16c391ffc', '事项', 'SysWork', NULL, 1, '1');
INSERT INTO pcs_prc_function (id, name, code, parent_function_id, sort, type) VALUES ('fec1a8ee3f6c', '事项优先级', 'SysWorkPriority', 'fdb16c391ffc', 0, '1');
INSERT INTO pcs_prc_function (id, name, code, parent_function_id, sort, type) VALUES ('f569dfa96880', '版本与许可证', 'SysVersion', 'fdb16c391ffc', 0, '1');


INSERT INTO pcs_prc_dm_role (id, domain_id, role_id) VALUES ('05a4fd811427', 'f3fdc893ff25', '323810f03653');
INSERT INTO pcs_prc_dm_role (id, domain_id, role_id) VALUES ('86912b2f65de', '4cf6d4dec7d0', '7fd9ce1c7be1');
INSERT INTO pcs_prc_dm_role (id, domain_id, role_id) VALUES ('d34704c82822', 'f3fdc893ff25', 'f899d7406414');
INSERT INTO pcs_prc_dm_role (id, domain_id, role_id) VALUES ('f1968b10de30', '4cf6d4dec7d0', '32521b1d228f');


INSERT INTO pcs_prc_role (id, name, description, grouper, type, scope, business_type) VALUES ('1', 'admin', '管理员', 'system', '1', 1, 1);
INSERT INTO pcs_prc_role (id, name, description, grouper, type, scope, business_type) VALUES ('2', 'admin', '管理员', 'system', '2', 1, 1);
INSERT INTO pcs_prc_role (id, name, description, grouper, type, scope, business_type) VALUES ('4559d54bc8b7', '普通用户', '初始化', 'system', '2', 1, 0);
INSERT INTO pcs_prc_role (id, name, description, grouper, type, scope, business_type) VALUES ('77f512ab7c53', '普通用户', '初始化', 'custom', '1', 1, 0);
INSERT INTO pcs_prc_role (id, name, description, grouper, type, scope, business_type) VALUES ('323810f03653', '普通用户', '初始化', 'system', '2', 2, 0);
INSERT INTO pcs_prc_role (id, name, description, grouper, type, scope, business_type) VALUES ('32521b1d228f', 'admin', '管理员', 'system', '2', 2, 0);
INSERT INTO pcs_prc_role (id, name, description, grouper, type, scope, business_type) VALUES ('7fd9ce1c7be1', '普通用户', '初始化', 'system', '2', 2, 0);
INSERT INTO pcs_prc_role (id, name, description, grouper, type, scope, business_type) VALUES ('f899d7406414', 'admin', '管理员', 'system', '2', 2, 0);

INSERT INTO pcs_prc_role_function (id, role_id, function_id) VALUES ('ba2c6ec37566', '77f512ab7c53', 'f569dfa96880');
INSERT INTO pcs_prc_role_function (id, role_id, function_id) VALUES ('0384b19fb96f', '323810f03653', '556157bb8449');
INSERT INTO pcs_prc_role_function (id, role_id, function_id) VALUES ('06cbccb937e0', '2', '3d513cb49e30');
INSERT INTO pcs_prc_role_function (id, role_id, function_id) VALUES ('07a90ef59e7e', 'f899d7406414', '36bb7d9c537e');
INSERT INTO pcs_prc_role_function (id, role_id, function_id) VALUES ('0867737efbce', '32521b1d228f', '66bd7120b0de');
INSERT INTO pcs_prc_role_function (id, role_id, function_id) VALUES ('0af6cf341338', 'f899d7406414', '7d9b12620349');
INSERT INTO pcs_prc_role_function (id, role_id, function_id) VALUES ('0e2818de51a6', '2', '40d00b88b805');
INSERT INTO pcs_prc_role_function (id, role_id, function_id) VALUES ('0e6787594fe2', '7fd9ce1c7be1', 'da52f90b3707');
INSERT INTO pcs_prc_role_function (id, role_id, function_id) VALUES ('0eaef912aa8e', 'f899d7406414', '09a64b79b631');
INSERT INTO pcs_prc_role_function (id, role_id, function_id) VALUES ('11638bbe4623', '1', '290accfb27c3');
INSERT INTO pcs_prc_role_function (id, role_id, function_id) VALUES ('13cfa8a07d95', '77f512ab7c53', '8d33e4945151');
INSERT INTO pcs_prc_role_function (id, role_id, function_id) VALUES ('1509ab54a573', '323810f03653', 'a3ee33eba363');
INSERT INTO pcs_prc_role_function (id, role_id, function_id) VALUES ('16bc10074ad0', '2', 'fdb16c391ffc');
INSERT INTO pcs_prc_role_function (id, role_id, function_id) VALUES ('1728682f6d0e', '7fd9ce1c7be1', '7d9b12620349');
INSERT INTO pcs_prc_role_function (id, role_id, function_id) VALUES ('18d6173f4007', '1', '2f2548b9de7b');
INSERT INTO pcs_prc_role_function (id, role_id, function_id) VALUES ('18dde3eac131', '323810f03653', 'd7e0583f53e7');
INSERT INTO pcs_prc_role_function (id, role_id, function_id) VALUES ('1a66aa6f47ce', '323810f03653', 'df306d70374c');
INSERT INTO pcs_prc_role_function (id, role_id, function_id) VALUES ('1af1c1ad0e37', 'f899d7406414', '1ff199504908');
INSERT INTO pcs_prc_role_function (id, role_id, function_id) VALUES ('1b154c7bd658', '77f512ab7c53', '57a3bcd1e5fe');
INSERT INTO pcs_prc_role_function (id, role_id, function_id) VALUES ('1b23e606c6eb', '2', '9538263abda4');
INSERT INTO pcs_prc_role_function (id, role_id, function_id) VALUES ('1c4f37558ba0', '1', '9c99b8a096c8');
INSERT INTO pcs_prc_role_function (id, role_id, function_id) VALUES ('1d1705dcd760', '4559d54bc8b7', '9538263abda4');
INSERT INTO pcs_prc_role_function (id, role_id, function_id) VALUES ('1f0df69963c9', '4559d54bc8b7', 'fdb16c391ffc');
INSERT INTO pcs_prc_role_function (id, role_id, function_id) VALUES ('1f9bceac059b', '77f512ab7c53', '9314739a13fe');
INSERT INTO pcs_prc_role_function (id, role_id, function_id) VALUES ('2071edcc3257', '4559d54bc8b7', '72e68d34870e');
INSERT INTO pcs_prc_role_function (id, role_id, function_id) VALUES ('225a7137358b', 'f899d7406414', '5386b5add6a5');
INSERT INTO pcs_prc_role_function (id, role_id, function_id) VALUES ('249f5dffa66c', '2', 'dae13d309463');
INSERT INTO pcs_prc_role_function (id, role_id, function_id) VALUES ('24af8dc2a546', '32521b1d228f', '09a64b79b631');
INSERT INTO pcs_prc_role_function (id, role_id, function_id) VALUES ('251b3b6c9300', '32521b1d228f', 'aa2bd97ffce7');
INSERT INTO pcs_prc_role_function (id, role_id, function_id) VALUES ('259566e6cbe5', '2', 'abe6fffaae63');
INSERT INTO pcs_prc_role_function (id, role_id, function_id) VALUES ('25d618897805', '4559d54bc8b7', 'abe6fffaae63');
INSERT INTO pcs_prc_role_function (id, role_id, function_id) VALUES ('271aee47153c', '7fd9ce1c7be1', '5386b5add6a5');
INSERT INTO pcs_prc_role_function (id, role_id, function_id) VALUES ('27b395a81a62', '7fd9ce1c7be1', '2a6be8fda76f');
INSERT INTO pcs_prc_role_function (id, role_id, function_id) VALUES ('27f117b7bfdc', '323810f03653', 'a13114663695');
INSERT INTO pcs_prc_role_function (id, role_id, function_id) VALUES ('2adef967afe9', '7fd9ce1c7be1', 'f4f16a0df8e4');
INSERT INTO pcs_prc_role_function (id, role_id, function_id) VALUES ('2b311cfdb319', '32521b1d228f', '7d9b12620349');
INSERT INTO pcs_prc_role_function (id, role_id, function_id) VALUES ('2bfe48c18e48', '1', '9314739a13fe');
INSERT INTO pcs_prc_role_function (id, role_id, function_id) VALUES ('2d372f44f334', '32521b1d228f', '36bb7d9c537e');
INSERT INTO pcs_prc_role_function (id, role_id, function_id) VALUES ('2ebe5a6a9215', 'f899d7406414', 'da52f90b3707');
INSERT INTO pcs_prc_role_function (id, role_id, function_id) VALUES ('3253c2d87e9e', '77f512ab7c53', 'fec1a8ee3f6c');
INSERT INTO pcs_prc_role_function (id, role_id, function_id) VALUES ('3286360e6323', '32521b1d228f', '556157bb8449');
INSERT INTO pcs_prc_role_function (id, role_id, function_id) VALUES ('330a15f5cc3c', '77f512ab7c53', '7c8652d3e2f0');
INSERT INTO pcs_prc_role_function (id, role_id, function_id) VALUES ('336240b887bf', '32521b1d228f', 'd893af6f93ff');
INSERT INTO pcs_prc_role_function (id, role_id, function_id) VALUES ('33e5c035badf', '1', '325c2503007f');
INSERT INTO pcs_prc_role_function (id, role_id, function_id) VALUES ('350862f7a6bf', 'f899d7406414', '05edc354e9ce');
INSERT INTO pcs_prc_role_function (id, role_id, function_id) VALUES ('356492740083', '4559d54bc8b7', '1ff199504908');
INSERT INTO pcs_prc_role_function (id, role_id, function_id) VALUES ('3580a96d516d', '1', '57a3bcd1e5fe');
INSERT INTO pcs_prc_role_function (id, role_id, function_id) VALUES ('362a5557badc', '2', 'd893af6f93ff');
INSERT INTO pcs_prc_role_function (id, role_id, function_id) VALUES ('373283c79ded', 'f899d7406414', '9538263abda4');
INSERT INTO pcs_prc_role_function (id, role_id, function_id) VALUES ('380179f52eb6', '32521b1d228f', '5386b5add6a5');
INSERT INTO pcs_prc_role_function (id, role_id, function_id) VALUES ('38affaa0f5fe', '32521b1d228f', '1ff199504908');
INSERT INTO pcs_prc_role_function (id, role_id, function_id) VALUES ('39cf725aa2ff', '4559d54bc8b7', '2a6be8fda76f');
INSERT INTO pcs_prc_role_function (id, role_id, function_id) VALUES ('3a2d85c9a1e4', '32521b1d228f', 'dae13d309463');
INSERT INTO pcs_prc_role_function (id, role_id, function_id) VALUES ('3b695bad5297', 'f899d7406414', '72e68d34870e');
INSERT INTO pcs_prc_role_function (id, role_id, function_id) VALUES ('3cd334e08d99', '4559d54bc8b7', 'aa2bd97ffce7');
INSERT INTO pcs_prc_role_function (id, role_id, function_id) VALUES ('3f3a112b1644', '4559d54bc8b7', '09a64b79b631');
INSERT INTO pcs_prc_role_function (id, role_id, function_id) VALUES ('3f430cf439a6', '1', 'fec1a8ee3f6c');
INSERT INTO pcs_prc_role_function (id, role_id, function_id) VALUES ('4112ed0893a1', '4559d54bc8b7', '66bd7120b0de');
INSERT INTO pcs_prc_role_function (id, role_id, function_id) VALUES ('411f9d02d0fc', '1', 'cb954a7c0be3');
INSERT INTO pcs_prc_role_function (id, role_id, function_id) VALUES ('41242b417e8f', '7fd9ce1c7be1', '72e68d34870e');
INSERT INTO pcs_prc_role_function (id, role_id, function_id) VALUES ('4131746d467d', '1', '428be660dea3');
INSERT INTO pcs_prc_role_function (id, role_id, function_id) VALUES ('433403b40e88', '2', 'f4f16a0df8e4');
INSERT INTO pcs_prc_role_function (id, role_id, function_id) VALUES ('43d3d4459278', '323810f03653', '3d513cb49e30');
INSERT INTO pcs_prc_role_function (id, role_id, function_id) VALUES ('445c5ad97bb2', '2', 'da52f90b3707');
INSERT INTO pcs_prc_role_function (id, role_id, function_id) VALUES ('44ed21c1f1f0', '7fd9ce1c7be1', '1ff199504908');
INSERT INTO pcs_prc_role_function (id, role_id, function_id) VALUES ('474316296751', '32521b1d228f', 'ce9b25e6cac7');
INSERT INTO pcs_prc_role_function (id, role_id, function_id) VALUES ('477dded4bfb4', '32521b1d228f', '40d00b88b805');
INSERT INTO pcs_prc_role_function (id, role_id, function_id) VALUES ('48a09cee38bb', '323810f03653', '09a64b79b631');
INSERT INTO pcs_prc_role_function (id, role_id, function_id) VALUES ('48df1259343a', 'f899d7406414', 'bfbb4a6b97a4');
INSERT INTO pcs_prc_role_function (id, role_id, function_id) VALUES ('4a0955e7cda8', '77f512ab7c53', '5fb7863b09a8');
INSERT INTO pcs_prc_role_function (id, role_id, function_id) VALUES ('4c74be36c9bc', '7fd9ce1c7be1', 'dae13d309463');
INSERT INTO pcs_prc_role_function (id, role_id, function_id) VALUES ('4e02777c4d29', '1', '0c73e628fd54');
INSERT INTO pcs_prc_role_function (id, role_id, function_id) VALUES ('4f0af087f0fd', '7fd9ce1c7be1', '05edc354e9ce');
INSERT INTO pcs_prc_role_function (id, role_id, function_id) VALUES ('4f18196200e3', '2', 'aa2bd97ffce7');
INSERT INTO pcs_prc_role_function (id, role_id, function_id) VALUES ('4f2b2ed4262e', '4559d54bc8b7', '05edc354e9ce');
INSERT INTO pcs_prc_role_function (id, role_id, function_id) VALUES ('4fc0599fcdcd', 'f899d7406414', '66bd7120b0de');
INSERT INTO pcs_prc_role_function (id, role_id, function_id) VALUES ('5127ebfd8d97', '1', 'edb60bf65e42');
INSERT INTO pcs_prc_role_function (id, role_id, function_id) VALUES ('513b415006d8', '323810f03653', '9538263abda4');
INSERT INTO pcs_prc_role_function (id, role_id, function_id) VALUES ('5211887eb9d2', '32521b1d228f', '2a6be8fda76f');
INSERT INTO pcs_prc_role_function (id, role_id, function_id) VALUES ('54604b672aa7', '2', 'bfbb4a6b97a4');
INSERT INTO pcs_prc_role_function (id, role_id, function_id) VALUES ('572a1c7e1bce', '4559d54bc8b7', '7d9b12620349');
INSERT INTO pcs_prc_role_function (id, role_id, function_id) VALUES ('57fe6a3ef1c4', '32521b1d228f', '9538263abda4');
INSERT INTO pcs_prc_role_function (id, role_id, function_id) VALUES ('5b07c6225563', '1', '890e7d41decf');
INSERT INTO pcs_prc_role_function (id, role_id, function_id) VALUES ('5b666c00bbf1', '77f512ab7c53', 'cb954a7c0be3');
INSERT INTO pcs_prc_role_function (id, role_id, function_id) VALUES ('60a6265952fb', '7fd9ce1c7be1', 'bfbb4a6b97a4');
INSERT INTO pcs_prc_role_function (id, role_id, function_id) VALUES ('627f6b354040', '2', '7d9b12620349');
INSERT INTO pcs_prc_role_function (id, role_id, function_id) VALUES ('67308d98da7b', '2', '2a6be8fda76f');
INSERT INTO pcs_prc_role_function (id, role_id, function_id) VALUES ('69367b9eb826', '32521b1d228f', '3d513cb49e30');
INSERT INTO pcs_prc_role_function (id, role_id, function_id) VALUES ('698e686acae7', '2', '72e68d34870e');
INSERT INTO pcs_prc_role_function (id, role_id, function_id) VALUES ('69bfba35685f', '77f512ab7c53', '447d9998fc00');
INSERT INTO pcs_prc_role_function (id, role_id, function_id) VALUES ('6a4684c6779f', '2', 'd7e0583f53e7');
INSERT INTO pcs_prc_role_function (id, role_id, function_id) VALUES ('6bbe5a2558f4', '1', 'f6f51f944133');
INSERT INTO pcs_prc_role_function (id, role_id, function_id) VALUES ('6bc07e6604a3', '4559d54bc8b7', '40d00b88b805');
INSERT INTO pcs_prc_role_function (id, role_id, function_id) VALUES ('6dbb1bfe6c8f', '32521b1d228f', 'a3ee33eba363');
INSERT INTO pcs_prc_role_function (id, role_id, function_id) VALUES ('6f70073e0d99', '77f512ab7c53', '925371be8ec6');
INSERT INTO pcs_prc_role_function (id, role_id, function_id) VALUES ('7116bd8459f6', '1', '063143949cc7');
INSERT INTO pcs_prc_role_function (id, role_id, function_id) VALUES ('72d6661836c3', '7fd9ce1c7be1', 'd7e0583f53e7');
INSERT INTO pcs_prc_role_function (id, role_id, function_id) VALUES ('741c66428809', '323810f03653', 'da52f90b3707');
INSERT INTO pcs_prc_role_function (id, role_id, function_id) VALUES ('7869284f8a88', '1', '8d33e4945151');
INSERT INTO pcs_prc_role_function (id, role_id, function_id) VALUES ('7937b0c7cdb7', '1', 'e8bf9843bc9d');
INSERT INTO pcs_prc_role_function (id, role_id, function_id) VALUES ('7961a24de0d1', '7fd9ce1c7be1', 'fdb16c391ffc');
INSERT INTO pcs_prc_role_function (id, role_id, function_id) VALUES ('7a0b8cfad444', '77f512ab7c53', '063143949cc7');
INSERT INTO pcs_prc_role_function (id, role_id, function_id) VALUES ('7c3ce8efb864', '323810f03653', '72e68d34870e');
INSERT INTO pcs_prc_role_function (id, role_id, function_id) VALUES ('7c4ff01e1b7c', '323810f03653', '40d00b88b805');
INSERT INTO pcs_prc_role_function (id, role_id, function_id) VALUES ('7e1c40bce22f', 'f899d7406414', 'df306d70374c');
INSERT INTO pcs_prc_role_function (id, role_id, function_id) VALUES ('7ef21ec46d62', '323810f03653', 'abe6fffaae63');
INSERT INTO pcs_prc_role_function (id, role_id, function_id) VALUES ('807166b0aa7d', '4559d54bc8b7', 'ce9b25e6cac7');
INSERT INTO pcs_prc_role_function (id, role_id, function_id) VALUES ('81e1f15c7714', '77f512ab7c53', '043e412151db');
INSERT INTO pcs_prc_role_function (id, role_id, function_id) VALUES ('829e304a4f2f', '4559d54bc8b7', 'a13114663695');
INSERT INTO pcs_prc_role_function (id, role_id, function_id) VALUES ('8423ec5b1371', 'f899d7406414', 'a3ee33eba363');
INSERT INTO pcs_prc_role_function (id, role_id, function_id) VALUES ('8445e3e4a249', '32521b1d228f', 'a13114663695');
INSERT INTO pcs_prc_role_function (id, role_id, function_id) VALUES ('845848ec9783', '77f512ab7c53', '519fc38f6390');
INSERT INTO pcs_prc_role_function (id, role_id, function_id) VALUES ('85f68840c769', '77f512ab7c53', '325c2503007f');
INSERT INTO pcs_prc_role_function (id, role_id, function_id) VALUES ('882dcf55f35a', '2', '36bb7d9c537e');
INSERT INTO pcs_prc_role_function (id, role_id, function_id) VALUES ('8840d3009342', '1', '5fb7863b09a8');
INSERT INTO pcs_prc_role_function (id, role_id, function_id) VALUES ('89705349bae1', '7fd9ce1c7be1', '556157bb8449');
INSERT INTO pcs_prc_role_function (id, role_id, function_id) VALUES ('8a7096cf8541', 'f899d7406414', 'd3447a36dd98');
INSERT INTO pcs_prc_role_function (id, role_id, function_id) VALUES ('8a7da0653fc2', '7fd9ce1c7be1', '66bd7120b0de');
INSERT INTO pcs_prc_role_function (id, role_id, function_id) VALUES ('8bb880b9433a', '1', '447d9998fc00');
INSERT INTO pcs_prc_role_function (id, role_id, function_id) VALUES ('8cb537cd6ff9', '2', '1ff199504908');
INSERT INTO pcs_prc_role_function (id, role_id, function_id) VALUES ('8cfd2483bae7', '1', '4cdb5348a9ca');
INSERT INTO pcs_prc_role_function (id, role_id, function_id) VALUES ('8e21b03b0c5b', '4559d54bc8b7', '5386b5add6a5');
INSERT INTO pcs_prc_role_function (id, role_id, function_id) VALUES ('8e8381438e32', '4559d54bc8b7', 'bfbb4a6b97a4');
INSERT INTO pcs_prc_role_function (id, role_id, function_id) VALUES ('8ebf982cd1f3', '32521b1d228f', '05edc354e9ce');
INSERT INTO pcs_prc_role_function (id, role_id, function_id) VALUES ('8ec8775a955c', '77f512ab7c53', '6b61fbe5091a');
INSERT INTO pcs_prc_role_function (id, role_id, function_id) VALUES ('8f44c97d21e8', '2', '05edc354e9ce');
INSERT INTO pcs_prc_role_function (id, role_id, function_id) VALUES ('90ea06611801', '1', '925371be8ec6');
INSERT INTO pcs_prc_role_function (id, role_id, function_id) VALUES ('9138b123e072', '77f512ab7c53', '290accfb27c3');
INSERT INTO pcs_prc_role_function (id, role_id, function_id) VALUES ('91e202a790a4', 'f899d7406414', '40d00b88b805');
INSERT INTO pcs_prc_role_function (id, role_id, function_id) VALUES ('92abacceed2a', 'f899d7406414', 'f4f16a0df8e4');
INSERT INTO pcs_prc_role_function (id, role_id, function_id) VALUES ('9313181d6146', '4559d54bc8b7', 'a3ee33eba363');
INSERT INTO pcs_prc_role_function (id, role_id, function_id) VALUES ('9af8f2428c6b', '77f512ab7c53', '428be660dea3');
INSERT INTO pcs_prc_role_function (id, role_id, function_id) VALUES ('9be1c91c0212', '323810f03653', '36bb7d9c537e');
INSERT INTO pcs_prc_role_function (id, role_id, function_id) VALUES ('9ffdeacc1ef7', '4559d54bc8b7', '556157bb8449');
INSERT INTO pcs_prc_role_function (id, role_id, function_id) VALUES ('a0706f9eb64b', '2', '556157bb8449');
INSERT INTO pcs_prc_role_function (id, role_id, function_id) VALUES ('a0c9b5bb00d9', '77f512ab7c53', '890e7d41decf');
INSERT INTO pcs_prc_role_function (id, role_id, function_id) VALUES ('a2000ec2826d', '323810f03653', 'dae13d309463');
INSERT INTO pcs_prc_role_function (id, role_id, function_id) VALUES ('a28a0225bacc', 'f899d7406414', '3d513cb49e30');
INSERT INTO pcs_prc_role_function (id, role_id, function_id) VALUES ('a2bd75e1be35', '323810f03653', '05edc354e9ce');
INSERT INTO pcs_prc_role_function (id, role_id, function_id) VALUES ('a47b64d9c83c', '4559d54bc8b7', 'd7e0583f53e7');
INSERT INTO pcs_prc_role_function (id, role_id, function_id) VALUES ('a4dc27cd42c6', '7fd9ce1c7be1', '40d00b88b805');
INSERT INTO pcs_prc_role_function (id, role_id, function_id) VALUES ('a54f7dc3c503', '323810f03653', '66bd7120b0de');
INSERT INTO pcs_prc_role_function (id, role_id, function_id) VALUES ('a80f6360cea2', 'f899d7406414', 'fdb16c391ffc');
INSERT INTO pcs_prc_role_function (id, role_id, function_id) VALUES ('a8a88e66a138', '323810f03653', 'aa2bd97ffce7');
INSERT INTO pcs_prc_role_function (id, role_id, function_id) VALUES ('ac1e84f2c5b9', '77f512ab7c53', '585d26bcbdf3');
INSERT INTO pcs_prc_role_function (id, role_id, function_id) VALUES ('b0a071648bfd', '77f512ab7c53', '77da6376511e');
INSERT INTO pcs_prc_role_function (id, role_id, function_id) VALUES ('b24fc3356a97', '323810f03653', 'ce9b25e6cac7');
INSERT INTO pcs_prc_role_function (id, role_id, function_id) VALUES ('b2ba90bbdd70', '7fd9ce1c7be1', '9538263abda4');
INSERT INTO pcs_prc_role_function (id, role_id, function_id) VALUES ('b3d6603a7064', '7fd9ce1c7be1', 'ce9b25e6cac7');
INSERT INTO pcs_prc_role_function (id, role_id, function_id) VALUES ('b49a67f49e37', '7fd9ce1c7be1', '3d513cb49e30');
INSERT INTO pcs_prc_role_function (id, role_id, function_id) VALUES ('b4f72e449dbe', '77f512ab7c53', '2f2548b9de7b');
INSERT INTO pcs_prc_role_function (id, role_id, function_id) VALUES ('b56a5709b0e6', 'f899d7406414', '556157bb8449');
INSERT INTO pcs_prc_role_function (id, role_id, function_id) VALUES ('b67a5e4543a2', '32521b1d228f', 'df306d70374c');
INSERT INTO pcs_prc_role_function (id, role_id, function_id) VALUES ('b75a5cfcd434', '1', '90b4e472163a');
INSERT INTO pcs_prc_role_function (id, role_id, function_id) VALUES ('b8249548ac7f', '1', '585d26bcbdf3');
INSERT INTO pcs_prc_role_function (id, role_id, function_id) VALUES ('bb08fa8647f0', '32521b1d228f', 'f4f16a0df8e4');
INSERT INTO pcs_prc_role_function (id, role_id, function_id) VALUES ('bd5cc43663f3', '7fd9ce1c7be1', 'aa2bd97ffce7');
INSERT INTO pcs_prc_role_function (id, role_id, function_id) VALUES ('bda657ee5e7b', '7fd9ce1c7be1', 'd3447a36dd98');
INSERT INTO pcs_prc_role_function (id, role_id, function_id) VALUES ('be29861f2ed8', '4559d54bc8b7', 'da52f90b3707');
INSERT INTO pcs_prc_role_function (id, role_id, function_id) VALUES ('bfd39a686968', '4559d54bc8b7', 'df306d70374c');
INSERT INTO pcs_prc_role_function (id, role_id, function_id) VALUES ('c1447ab95337', '323810f03653', 'f4f16a0df8e4');
INSERT INTO pcs_prc_role_function (id, role_id, function_id) VALUES ('c201276fbbbc', '1', '7c8652d3e2f0');
INSERT INTO pcs_prc_role_function (id, role_id, function_id) VALUES ('c26bdeb81fb7', 'f899d7406414', 'd893af6f93ff');
INSERT INTO pcs_prc_role_function (id, role_id, function_id) VALUES ('c36f76282dda', '77f512ab7c53', '0c73e628fd54');
INSERT INTO pcs_prc_role_function (id, role_id, function_id) VALUES ('c6677ccef6ce', '4559d54bc8b7', '36bb7d9c537e');
INSERT INTO pcs_prc_role_function (id, role_id, function_id) VALUES ('c9affb20f471', '2', 'df306d70374c');
INSERT INTO pcs_prc_role_function (id, role_id, function_id) VALUES ('cd4edb5d23bb', 'f899d7406414', 'aa2bd97ffce7');
INSERT INTO pcs_prc_role_function (id, role_id, function_id) VALUES ('cd8f800952d4', '32521b1d228f', 'd7e0583f53e7');
INSERT INTO pcs_prc_role_function (id, role_id, function_id) VALUES ('d01e0f47de62', '77f512ab7c53', '90b4e472163a');
INSERT INTO pcs_prc_role_function (id, role_id, function_id) VALUES ('d19ec7f07cdf', '2', '66bd7120b0de');
INSERT INTO pcs_prc_role_function (id, role_id, function_id) VALUES ('d1a80aaea185', '32521b1d228f', 'fdb16c391ffc');
INSERT INTO pcs_prc_role_function (id, role_id, function_id) VALUES ('d1b412baeeb4', '7fd9ce1c7be1', '36bb7d9c537e');
INSERT INTO pcs_prc_role_function (id, role_id, function_id) VALUES ('d3fe6d7a91cd', '77f512ab7c53', '4cdb5348a9ca');
INSERT INTO pcs_prc_role_function (id, role_id, function_id) VALUES ('d4e6de264709', '32521b1d228f', 'abe6fffaae63');
INSERT INTO pcs_prc_role_function (id, role_id, function_id) VALUES ('d5d3ad9ba8de', '7fd9ce1c7be1', 'abe6fffaae63');
INSERT INTO pcs_prc_role_function (id, role_id, function_id) VALUES ('d78cdc7a4b74', '2', 'a13114663695');
INSERT INTO pcs_prc_role_function (id, role_id, function_id) VALUES ('d7a525ec06c1', '4559d54bc8b7', 'dae13d309463');
INSERT INTO pcs_prc_role_function (id, role_id, function_id) VALUES ('d7ea547dfa4b', '77f512ab7c53', '9633d9475886');
INSERT INTO pcs_prc_role_function (id, role_id, function_id) VALUES ('db2770819324', '323810f03653', '1ff199504908');
INSERT INTO pcs_prc_role_function (id, role_id, function_id) VALUES ('db64e4d09379', '323810f03653', '7d9b12620349');
INSERT INTO pcs_prc_role_function (id, role_id, function_id) VALUES ('dc1e9a63876a', '1', '77da6376511e');
INSERT INTO pcs_prc_role_function (id, role_id, function_id) VALUES ('dded1b3af81c', '77f512ab7c53', '9c99b8a096c8');
INSERT INTO pcs_prc_role_function (id, role_id, function_id) VALUES ('de8fb602d11f', 'f899d7406414', '2a6be8fda76f');
INSERT INTO pcs_prc_role_function (id, role_id, function_id) VALUES ('df2509f2b01a', 'f899d7406414', 'ce9b25e6cac7');
INSERT INTO pcs_prc_role_function (id, role_id, function_id) VALUES ('df77366fb4ae', '32521b1d228f', '72e68d34870e');
INSERT INTO pcs_prc_role_function (id, role_id, function_id) VALUES ('e04a38df1bac', '323810f03653', '5386b5add6a5');
INSERT INTO pcs_prc_role_function (id, role_id, function_id) VALUES ('e0c8c10e7796', '1', 'dd81bdbb52bc');
INSERT INTO pcs_prc_role_function (id, role_id, function_id) VALUES ('e15420999065', '77f512ab7c53', 'edb60bf65e42');
INSERT INTO pcs_prc_role_function (id, role_id, function_id) VALUES ('e248f0c8c761', '323810f03653', 'bfbb4a6b97a4');
INSERT INTO pcs_prc_role_function (id, role_id, function_id) VALUES ('e255dc72fbdd', '1', '519fc38f6390');
INSERT INTO pcs_prc_role_function (id, role_id, function_id) VALUES ('e35ed5dfac6c', '7fd9ce1c7be1', 'a3ee33eba363');
INSERT INTO pcs_prc_role_function (id, role_id, function_id) VALUES ('e38d27b687a3', '323810f03653', 'd3447a36dd98');
INSERT INTO pcs_prc_role_function (id, role_id, function_id) VALUES ('e47613a1c60d', '2', 'a3ee33eba363');
INSERT INTO pcs_prc_role_function (id, role_id, function_id) VALUES ('e4dc3a9f88b5', '77f512ab7c53', 'fdb16c391ffc');
INSERT INTO pcs_prc_role_function (id, role_id, function_id) VALUES ('e573d58c51ba', '2', 'ce9b25e6cac7');
INSERT INTO pcs_prc_role_function (id, role_id, function_id) VALUES ('e5a49ae15ee3', 'f899d7406414', 'abe6fffaae63');
INSERT INTO pcs_prc_role_function (id, role_id, function_id) VALUES ('e5a98ff91465', '77f512ab7c53', 'f6f51f944133');
INSERT INTO pcs_prc_role_function (id, role_id, function_id) VALUES ('e6216820335c', '77f512ab7c53', '47fb980c2919');
INSERT INTO pcs_prc_role_function (id, role_id, function_id) VALUES ('e829c3648f58', '4559d54bc8b7', 'f4f16a0df8e4');
INSERT INTO pcs_prc_role_function (id, role_id, function_id) VALUES ('e90ef4935ffb', '1', '043e412151db');
INSERT INTO pcs_prc_role_function (id, role_id, function_id) VALUES ('e9520e6c5112', '2', '09a64b79b631');
INSERT INTO pcs_prc_role_function (id, role_id, function_id) VALUES ('ea1c42df716e', '2', '5386b5add6a5');
INSERT INTO pcs_prc_role_function (id, role_id, function_id) VALUES ('eb73e860e5ad', '323810f03653', 'fdb16c391ffc');
INSERT INTO pcs_prc_role_function (id, role_id, function_id) VALUES ('eb893c87f5ae', 'f899d7406414', 'dae13d309463');
INSERT INTO pcs_prc_role_function (id, role_id, function_id) VALUES ('ece2f601edcf', '323810f03653', '2a6be8fda76f');
INSERT INTO pcs_prc_role_function (id, role_id, function_id) VALUES ('ed6ee8d87b12', '1', '47fb980c2919');
INSERT INTO pcs_prc_role_function (id, role_id, function_id) VALUES ('ede3985c08fa', '4559d54bc8b7', '3d513cb49e30');
INSERT INTO pcs_prc_role_function (id, role_id, function_id) VALUES ('ee7400639e3d', '32521b1d228f', 'bfbb4a6b97a4');
INSERT INTO pcs_prc_role_function (id, role_id, function_id) VALUES ('eec085569052', '7fd9ce1c7be1', 'df306d70374c');
INSERT INTO pcs_prc_role_function (id, role_id, function_id) VALUES ('ef1ff7edc992', '32521b1d228f', 'da52f90b3707');
INSERT INTO pcs_prc_role_function (id, role_id, function_id) VALUES ('f05572ba4052', '1', '6b61fbe5091a');
INSERT INTO pcs_prc_role_function (id, role_id, function_id) VALUES ('f174891a8987', 'f899d7406414', 'a13114663695');
INSERT INTO pcs_prc_role_function (id, role_id, function_id) VALUES ('f24c37768750', '4559d54bc8b7', 'd3447a36dd98');
INSERT INTO pcs_prc_role_function (id, role_id, function_id) VALUES ('f2fe741a6803', 'f899d7406414', 'd7e0583f53e7');
INSERT INTO pcs_prc_role_function (id, role_id, function_id) VALUES ('f3844533c0c0', '7fd9ce1c7be1', 'a13114663695');
INSERT INTO pcs_prc_role_function (id, role_id, function_id) VALUES ('f78bbee5deea', '32521b1d228f', 'd3447a36dd98');
INSERT INTO pcs_prc_role_function (id, role_id, function_id) VALUES ('f99cc87b3484', '1', 'fdb16c391ffc');
INSERT INTO pcs_prc_role_function (id, role_id, function_id) VALUES ('f9ae73e72f8d', '2', 'd3447a36dd98');
INSERT INTO pcs_prc_role_function (id, role_id, function_id) VALUES ('f9f10a9b6c6d', '7fd9ce1c7be1', '09a64b79b631');
INSERT INTO pcs_prc_role_function (id, role_id, function_id) VALUES ('81f4befbcc5a', '2', 'b80a4416f42f');
INSERT INTO pcs_prc_role_function (id, role_id, function_id) VALUES ('e131a682a210', '2', '4b982e213c12');
INSERT INTO pcs_prc_role_function (id, role_id, function_id) VALUES ('65f83cc98f66', '2', '1843bd5f5a73');
INSERT INTO pcs_prc_role_function (id, role_id, function_id) VALUES ('c7123f86ff31', '32521b1d228f', '4b982e213c12');
INSERT INTO pcs_prc_role_function (id, role_id, function_id) VALUES ('5d9474d33f88', '32521b1d228f', 'b80a4416f42f');
INSERT INTO pcs_prc_role_function (id, role_id, function_id) VALUES ('96ddd0674769', '32521b1d228f', '1843bd5f5a73');
INSERT INTO pcs_prc_role_function (id, role_id, function_id) VALUES ('658385a1ee03', 'f899d7406414', '1843bd5f5a73');
INSERT INTO pcs_prc_role_function (id, role_id, function_id) VALUES ('cfd0212bbbe3', 'f899d7406414', 'b80a4416f42f');
INSERT INTO pcs_prc_role_function (id, role_id, function_id) VALUES ('d200c77ff787', 'f899d7406414', '4b982e213c12');
INSERT INTO pcs_prc_role_function (id, role_id, function_id) VALUES ('ff2b707db9c1', '1', 'oug5371be8ec');
INSERT INTO pcs_prc_role_function (id, role_id, function_id) VALUES ('b02cb492e16f', '1', 'wqre9998fc00');
INSERT INTO pcs_prc_role_function (id, role_id, function_id) VALUES ('54002045ce64', '1', 'hf43e412151e');
INSERT INTO pcs_prc_role_function (id, role_id, function_id) VALUES ('60834b5b4e43', '1', '4235d2624bdf');
INSERT INTO pcs_prc_role_function (id, role_id, function_id) VALUES ('1160ea8402ce', '1', 'hfg5371be8ec');
INSERT INTO pcs_prc_role_function (id, role_id, function_id) VALUES ('5744a31320a9', '1', '43e7d41decf7');
INSERT INTO pcs_prc_role_function (id, role_id, function_id) VALUES ('c011e6aecd23', '1', 'a11ca9e4559e');
INSERT INTO pcs_prc_role_function (id, role_id, function_id) VALUES ('4959e7511d36', '1', '746c3becb86f');
INSERT INTO pcs_prc_role_function (id, role_id, function_id) VALUES ('5a4ed8eb0b69', '1', '138654cdc36c');
INSERT INTO pcs_prc_role_function (id, role_id, function_id) VALUES ('4cfe0106dd6a', '1', 'de21752872e9');
INSERT INTO pcs_prc_role_function (id, role_id, function_id) VALUES ('2cfa9eaeb209', '1', '7ff4702ebe64');
INSERT INTO pcs_prc_role_function (id, role_id, function_id) VALUES ('d6f8fe78676b', '1', '1f777ba063f7');
INSERT INTO pcs_prc_role_function (id, role_id, function_id) VALUES ('981d2694ff80', '1', '025e702fc3c4');
INSERT INTO pcs_prc_role_function (id, role_id, function_id) VALUES ('2fba63dffebf', '1', '5d5b64c3d172');
INSERT INTO pcs_prc_role_function (id, role_id, function_id) VALUES ('47c930cd8013', '1', 'c5af706628c2');
INSERT INTO pcs_prc_role_function (id, role_id, function_id) VALUES ('4d6d6d498f4d', '1', '48717b977129');
INSERT INTO pcs_prc_role_function (id, role_id, function_id) VALUES ('6bdefbe3f29f', '1', '63fd58715558');
INSERT INTO pcs_prc_role_function (id, role_id, function_id) VALUES ('1d0a3776d396', '1', 'f9e27dd6f76e');
INSERT INTO pcs_prc_role_function (id, role_id, function_id) VALUES ('ca5636f06db8', '1', '49e12c2b8fca');
INSERT INTO pcs_prc_role_function (id, role_id, function_id) VALUES ('5cde17f1b39c', '1', '321751dfd3a5');
INSERT INTO pcs_prc_role_function (id, role_id, function_id) VALUES ('1a08cd5778cb', '1', '9633d9475886');


INSERT INTO pcs_prc_dm_role_user (id, dmRole_id, domain_id, user_id) VALUES ('177715b8d071', 'd34704c82822', 'f3fdc893ff25', '111111');
INSERT INTO pcs_prc_dm_role_user (id, dmRole_id, domain_id, user_id) VALUES ('639f1838c88e', '05a4fd811427', 'f3fdc893ff25', '111111');
INSERT INTO pcs_prc_dm_role_user (id, dmRole_id, domain_id, user_id) VALUES ('8061e9feec9f', '86912b2f65de', '4cf6d4dec7d0', '111111');
INSERT INTO pcs_prc_dm_role_user (id, dmRole_id, domain_id, user_id) VALUES ('b882c6171f34', 'f1968b10de30', '4cf6d4dec7d0', '111111');

INSERT INTO pcs_prc_role_user (id, role_id, user_id) VALUES ('38c0375b6adf', '32521b1d228f', '111111');
INSERT INTO pcs_prc_role_user (id, role_id, user_id) VALUES ('4df7c0dae8b5', '7dc47e805306', '111111');
INSERT INTO pcs_prc_role_user (id, role_id, user_id) VALUES ('78ddd5263ed6', 'f899d7406414', '111111');
INSERT INTO pcs_prc_role_user (id, role_id, user_id) VALUES ('be3d8a44ee5c', '958339ea47a6', '111111');
INSERT INTO pcs_prc_role_user (id, role_id, user_id) VALUES ('c9b6e4449057', '1', '111111');

INSERT INTO pcs_ucc_dm_user (id, domain_id, user_id, type) VALUES ('401b9f477890', 'f3fdc893ff25', '111111', 0);
INSERT INTO pcs_ucc_dm_user (id, domain_id, user_id, type) VALUES ('5dc8b55815ae', '4cf6d4dec7d0', '111111', 0);

INSERT INTO pcs_op_log_type (id, name, bgroup) VALUES ('1bba4e45931f', '事项更新', 'kanass');
INSERT INTO pcs_op_log_type (id, name, bgroup) VALUES ('a1f2cb478fad', '事项添加', 'kanass');
INSERT INTO pcs_op_log_type (id, name, bgroup) VALUES ('ff0a79e4fc61', '添加项目', 'kanass');

INSERT INTO pcs_op_log_template (id, title, content, link, bgroup, abstract_content) VALUES ('31d39e6f981a', '事项状态修改', '<div style=display: flex; align-items: center; font-size: 14px; justify-content: space-between;>
        <div style=display: flex;align-items: center;>
            <div style=width: 25px; height: 25px; line-height: 25px; background-color: #ccc; border-radius: 32px;text-align: center; color: #fff;>${createUserIcon}</div>
            <div style=display: flex; flex-direction: column; padding: 0 20px;>
                <div>
                    <span style=padding-right: 10px;> ${master.nickname} </span> 更新了
                    <span style=color: #5d70ea;font-size: 13px; font-weight: 500;> ${workItemTitle} </span> 状态
                </div>
                <div style=line-height: 40px; display: flex; align-items: center; height: 40px;>
                    <div style=padding: 5px 10px; background-color: #F4F5F7; font-size: 12px; line-height: 15px;border-radius: 5px; margin-right: 10px;>
                    ${oldValue. name}
                    </div> ——— <div style=padding: 5px 10px; background-color: #F4F5F7; font-size: 12px; line-height: 15px; border-radius: 5px;margin-left: 10px;>
                     ${newValue. name}
                    </div>
                </div>
            </div>
        </div>
        <div style=font-size: 13px;> ${receiveTime} </div>
    </div>', 'index/work/workone/${workItemId}', 'kanass', '${master.nickname}更新了状态');
INSERT INTO pcs_op_log_template (id, title, content, link, bgroup, abstract_content) VALUES ('c5613dbc2726', '项目添加日志', '<div style=display: flex; align-items: center; font-size: 14px; justify-content: space-between;>
        <div style=display: flex;align-items: center;>
            <div style=width: 25px; height: 25px; line-height: 25px; background-color: #ccc; border-radius: 32px;text-align: center; color: #fff;>${createUserIcon}</div>
            <div style=display: flex; flex-direction: column; padding: 0 20px;>
                <div> <span style=padding-right: 10px;> ${master} </span> 创建了项目 </div>
                <div style=line-height: 40px; display: flex; align-items: center; height: 40px;>
                    <div style=font-size: 12px; height: 15px; line-height: 15px; border-radius: 5px; margin-right:10px;>
                    <img src=${projectIcon} alt= width=16px height=16px> </div>
                    <div style=color: #5d70ea; cursor: pointer; font-size: 12px; height: 15px; line-height: 15px;border-radius: 5px;> ${projectName} </div>
                </div>
            </div>
        </div>
        <div style=font-size: 13px;> ${creatTime} </div>
    </div>', '/index/${projectType}/${projectId}/survey', 'kanass', '${master}添加项目');
INSERT INTO pcs_op_log_template (id, title, content, link, bgroup, abstract_content) VALUES ('4c4d9114ddc0', '事项负责人修改', '<div style=display: flex; align-items: center; font-size: 14px; justify-content: space-between;>
        <div style=display: flex;align-items: center;>
            <div style=width: 25px; height: 25px; line-height: 25px; background-color: #ccc; border-radius: 32px;text-align: center; color: #fff;>${createUserIcon}</div>
            <div style=display: flex; flex-direction: column; padding: 0 20px;>
                <div>
                    <span style=padding-right: 10px;> ${master.nickname} </span> 更新了
                    <span style=color: #5d70ea;font-size: 13px; font-weight: 500;> ${workItemTitle} </span> 负责人 </div>
                <div style=line-height: 40px; display: flex; align-items: center; height: 40px;>
                    <div style=padding: 5px 10px; background-color: #F4F5F7; font-size: 12px; line-height: 15px;border-radius: 5px; margin-right: 10px;>
                    ${oldValue.nickname}
                    </div> ———
                    <div style=padding: 5px 10px; background-color: #F4F5F7; font-size: 12px; line-height: 15px; border-radius: 5px;margin-left: 10px;> ${newValue.nickname} </div>
                </div>
            </div>
        </div>
        <div style=font-size: 13px;> ${receiveTime} </div>
    </div>', 'index/work/workone/${workItemId}', 'kanass', '${master.nickname}更换负责人');
INSERT INTO pcs_op_log_template (id, title, content, link, bgroup, abstract_content) VALUES ('f621925c6e63', '事项添加', '<div style=display: flex; align-items: center; font-size: 14px; justify-content: space-between;>
        <div style=display: flex;align-items: center;>
            <div
                style=width: 25px; height: 25px; line-height: 25px; background-color: #ccc; border-radius: 32px; text-align: center; color: #fff;>
                ${createUserIcon}
            </div>
            <div style=display: flex; flex-direction: column; padding: 0 20px;>
                <div> <span style=padding-right: 10px;> ${master} </span> 创建了${workItemTypeName} </div>
                <div style=line-height: 40px; display: flex; align-items: center; height: 40px;>
                    <div
                        style=font-size: 12px; height: 15px; line-height: 15px; border-radius: 5px; margin-right: 10px;>
                        <img src=${workItemIcon} alt=width=16px height=16px>
                    </div>
                    <div
                        style=color: #5d70ea; cursor: pointer; font-size: 12px; height: 15px; line-height: 15px; border-radius: 5px;>
                        ${workItemTitle} </div>
                </div>
            </div>
        </div>
        <div style=font-size: 13px;> ${createTime} </div>
    </div>', 'index/work/workone/${workItemId}', 'kanass', '${master}添加事项');




