INSERT INTO pcs_flc_dm_flow (id, domain_id, flow_id, global_flow_id) VALUES ('4ffbea11', '4cf6d4dec7d0', '6fef9d3d', 'a96cf9c9');
INSERT INTO pcs_flc_dm_flow (id, domain_id, flow_id, global_flow_id) VALUES ('05d79484', '4cf6d4dec7d0', '5b1c9c40', '3d879830');
INSERT INTO pcs_flc_dm_flow (id, domain_id, flow_id, global_flow_id) VALUES ('42da0e1e', '4cf6d4dec7d0', '9e7f5ea4', '4d040c6d');
INSERT INTO pcs_flc_dm_flow (id, domain_id, flow_id, global_flow_id) VALUES ('a5555ad7', 'f3fdc893ff25', 'b1c53a54', 'a96cf9c9');
INSERT INTO pcs_flc_dm_flow (id, domain_id, flow_id, global_flow_id) VALUES ('c8ed224d', 'f3fdc893ff25', '34d7bf2c', '3d879830');
INSERT INTO pcs_flc_dm_flow (id, domain_id, flow_id, global_flow_id) VALUES ('779c5885', 'f3fdc893ff25', '3b0fc788', '4d040c6d');


INSERT INTO pcs_flc_flow (id, name, description, grouper, defaults, scope, form_id) VALUES ('a96cf9c9', '需求流程', '需求流程', 'system', 0, 1, '0c5d4ff9');
INSERT INTO pcs_flc_flow (id, name, description, grouper, defaults, scope, form_id) VALUES ('3d879830', '缺陷流程', '缺陷流程', 'system', 0, 1, '607f6be6');
INSERT INTO pcs_flc_flow (id, name, description, grouper, defaults, scope, form_id) VALUES ('4d040c6d', '任务流程', '任务流程', 'system', 0, 1, '515f17bd');
INSERT INTO pcs_flc_flow (id, name, description, grouper, defaults, scope, form_id) VALUES ('6fef9d3d', '需求流程', '需求流程', 'custom', 0, 2, 'b1eb0414');
INSERT INTO pcs_flc_flow (id, name, description, grouper, defaults, scope, form_id) VALUES ('5b1c9c40', '缺陷流程', '缺陷流程', 'custom', 0, 2, '071890ba');
INSERT INTO pcs_flc_flow (id, name, description, grouper, defaults, scope, form_id) VALUES ('9e7f5ea4', '任务流程', '任务流程', 'custom', 0, 2, '47a9d800');
INSERT INTO pcs_flc_flow (id, name, description, grouper, defaults, scope, form_id) VALUES ('b1c53a54', '需求流程', '需求流程', 'custom', 0, 2, '12775095');
INSERT INTO pcs_flc_flow (id, name, description, grouper, defaults, scope, form_id) VALUES ('34d7bf2c', '缺陷流程', '缺陷流程', 'custom', 0, 2, '3d923ff1');
INSERT INTO pcs_flc_flow (id, name, description, grouper, defaults, scope, form_id) VALUES ('3b0fc788', '任务流程', '任务流程', 'custom', 0, 2, '5d383b2d');

INSERT INTO pcs_flc_flow_relation (id, model_id, model_name, model_type, flow_id, bgroup) VALUES ('5ad56f59e2ae', '778222e0', '任务', 'workType', '4d040c6d', 'kanass');
INSERT INTO pcs_flc_flow_relation (id, model_id, model_name, model_type, flow_id, bgroup) VALUES ('84a2f6124d31', '98121701', '缺陷', 'workType', '3d879830', 'kanass');
INSERT INTO pcs_flc_flow_relation (id, model_id, model_name, model_type, flow_id, bgroup) VALUES ('5a142fd02abc', '7055ebc6', '需求', 'workType', 'a96cf9c9', 'kanass');
INSERT INTO pcs_flc_flow_relation (id, model_id, model_name, model_type, flow_id, bgroup) VALUES ('704a550fb51f', 'b81aef3b', '需求', 'workTypeDm', '6fef9d3d', 'kanass');
INSERT INTO pcs_flc_flow_relation (id, model_id, model_name, model_type, flow_id, bgroup) VALUES ('554f0a4c58f8', 'a64e8050', '缺陷', 'workTypeDm', '5b1c9c40', 'kanass');
INSERT INTO pcs_flc_flow_relation (id, model_id, model_name, model_type, flow_id, bgroup) VALUES ('6beca4b55527', 'd3ef6551', '任务', 'workTypeDm', '9e7f5ea4', 'kanass');
INSERT INTO pcs_flc_flow_relation (id, model_id, model_name, model_type, flow_id, bgroup) VALUES ('bbf1f412ccc0', 'ef23b25f', '需求', 'workTypeDm', 'b1c53a54', 'kanass');
INSERT INTO pcs_flc_flow_relation (id, model_id, model_name, model_type, flow_id, bgroup) VALUES ('a9019bc2f584', 'dcbf7211', '缺陷', 'workTypeDm', '34d7bf2c', 'kanass');
INSERT INTO pcs_flc_flow_relation (id, model_id, model_name, model_type, flow_id, bgroup) VALUES ('6d3774f5d91c', 'c9e59337', '任务', 'workTypeDm', '3b0fc788', 'kanass');

INSERT INTO pcs_flc_state_node (id, name, status, scope) VALUES ('start', '开始', 'START', NULL);
INSERT INTO pcs_flc_state_node (id, name, status, scope) VALUES ('todo', '待办', 'TODO', NULL);
INSERT INTO pcs_flc_state_node (id, name, status, scope) VALUES ('done', '完成', 'DONE', NULL);
INSERT INTO pcs_flc_state_node (id, name, status, scope) VALUES ('7db3a0d1', '进行中', 'PROGRESS', NULL);
INSERT INTO pcs_flc_state_node (id, name, status, scope) VALUES ('5b3ff31d', '已解决', 'PROGRESS', NULL);
INSERT INTO pcs_flc_state_node (id, name, status, scope) VALUES ('3b037eb2', '未通过', 'PROGRESS', NULL);
INSERT INTO pcs_flc_state_node (id, name, status, scope) VALUES ('5076fe7e', '审核', 'PROGRESS', 2);
INSERT INTO pcs_flc_state_node (id, name, status, scope) VALUES ('b5a4ffce', '已驳回', 'PROGRESS', 2);

INSERT INTO pcs_flc_state_node_flow (id, node_id, flow_id, x, y, height, width, type, node_status) VALUES ('b191e311', 'todo', 'a96cf9c9', 300, 400, 40, 100, 2, 'TODO');
INSERT INTO pcs_flc_state_node_flow (id, node_id, flow_id, x, y, height, width, type, node_status) VALUES ('0b7b444f', 'done', 'a96cf9c9', 1120, 400, 40, 100, 2, 'DONE');
INSERT INTO pcs_flc_state_node_flow (id, node_id, flow_id, x, y, height, width, type, node_status) VALUES ('d74da6a5', '3b037eb2', 'a96cf9c9', 470, 530, 40, 180, 2, 'PROGRESS');
INSERT INTO pcs_flc_state_node_flow (id, node_id, flow_id, x, y, height, width, type, node_status) VALUES ('6eea1339', '5b3ff31d', 'a96cf9c9', 800, 400, 40, 180, 2, 'PROGRESS');
INSERT INTO pcs_flc_state_node_flow (id, node_id, flow_id, x, y, height, width, type, node_status) VALUES ('fffd4fe0', '7db3a0d1', 'a96cf9c9', 480, 400, 40, 160, 2, 'PROGRESS');
INSERT INTO pcs_flc_state_node_flow (id, node_id, flow_id, x, y, height, width, type, node_status) VALUES ('9fc4e881', 'start', 'a96cf9c9', 100, 390, 60, 60, 1, 'START');
INSERT INTO pcs_flc_state_node_flow (id, node_id, flow_id, x, y, height, width, type, node_status) VALUES ('0156f015', 'b5a4ffce', 'a96cf9c9', 260, 210, 40, 180, 2, 'PROGRESS');
INSERT INTO pcs_flc_state_node_flow (id, node_id, flow_id, x, y, height, width, type, node_status) VALUES ('9adfa577', 'start', '3d879830', 100, 390, 60, 60, 1, 'START');
INSERT INTO pcs_flc_state_node_flow (id, node_id, flow_id, x, y, height, width, type, node_status) VALUES ('b6d4e978', 'b5a4ffce', '3d879830', 260, 210, 40, 180, 2, 'PROGRESS');
INSERT INTO pcs_flc_state_node_flow (id, node_id, flow_id, x, y, height, width, type, node_status) VALUES ('4a0d284f', '5b3ff31d', '3d879830', 830, 400, 40, 180, 2, 'PROGRESS');
INSERT INTO pcs_flc_state_node_flow (id, node_id, flow_id, x, y, height, width, type, node_status) VALUES ('e3834850', '3b037eb2', '3d879830', 520, 520, 40, 180, 2, 'PROGRESS');
INSERT INTO pcs_flc_state_node_flow (id, node_id, flow_id, x, y, height, width, type, node_status) VALUES ('8bad1761', 'done', '3d879830', 1170, 400, 40, 100, 2, 'DONE');
INSERT INTO pcs_flc_state_node_flow (id, node_id, flow_id, x, y, height, width, type, node_status) VALUES ('d940cce1', 'todo', '3d879830', 300, 400, 40, 100, 2, 'TODO');
INSERT INTO pcs_flc_state_node_flow (id, node_id, flow_id, x, y, height, width, type, node_status) VALUES ('5fdc4fac', '7db3a0d1', '3d879830', 520, 400, 40, 180, 2, 'PROGRESS');
INSERT INTO pcs_flc_state_node_flow (id, node_id, flow_id, x, y, height, width, type, node_status) VALUES ('d5cdecdd', 'done', '4d040c6d', 1020, 300, 40, 100, 2, 'DONE');
INSERT INTO pcs_flc_state_node_flow (id, node_id, flow_id, x, y, height, width, type, node_status) VALUES ('73cb56f4', '7db3a0d1', '4d040c6d', 460, 300, 40, 180, 2, 'PROGRESS');
INSERT INTO pcs_flc_state_node_flow (id, node_id, flow_id, x, y, height, width, type, node_status) VALUES ('0e1eccfe', 'todo', '4d040c6d', 270, 300, 40, 100, 2, 'TODO');
INSERT INTO pcs_flc_state_node_flow (id, node_id, flow_id, x, y, height, width, type, node_status) VALUES ('a170463e', '3b037eb2', '4d040c6d', 460, 450, 40, 180, 2, 'PROGRESS');
INSERT INTO pcs_flc_state_node_flow (id, node_id, flow_id, x, y, height, width, type, node_status) VALUES ('ec0d1c03', '5b3ff31d', '4d040c6d', 740, 300, 40, 180, 2, 'PROGRESS');
INSERT INTO pcs_flc_state_node_flow (id, node_id, flow_id, x, y, height, width, type, node_status) VALUES ('6f9e1175', 'b5a4ffce', '4d040c6d', 230, 110, 40, 180, 2, 'PROGRESS');
INSERT INTO pcs_flc_state_node_flow (id, node_id, flow_id, x, y, height, width, type, node_status) VALUES ('78258edf', 'start', '4d040c6d', 100, 290, 60, 60, 1, 'START');
INSERT INTO pcs_flc_state_node_flow (id, node_id, flow_id, x, y, height, width, type, node_status) VALUES ('2ae26eae', '5b3ff31d', '6fef9d3d', 800, 400, 40, 180, 2, 'PROGRESS');
INSERT INTO pcs_flc_state_node_flow (id, node_id, flow_id, x, y, height, width, type, node_status) VALUES ('34b4160b', 'done', '6fef9d3d', 1120, 400, 40, 100, 2, 'DONE');
INSERT INTO pcs_flc_state_node_flow (id, node_id, flow_id, x, y, height, width, type, node_status) VALUES ('d2334656', '3b037eb2', '6fef9d3d', 470, 530, 40, 180, 2, 'PROGRESS');
INSERT INTO pcs_flc_state_node_flow (id, node_id, flow_id, x, y, height, width, type, node_status) VALUES ('21bfa706', 'todo', '6fef9d3d', 300, 400, 40, 100, 2, 'TODO');
INSERT INTO pcs_flc_state_node_flow (id, node_id, flow_id, x, y, height, width, type, node_status) VALUES ('b34f2180', '7db3a0d1', '6fef9d3d', 480, 400, 40, 160, 2, 'PROGRESS');
INSERT INTO pcs_flc_state_node_flow (id, node_id, flow_id, x, y, height, width, type, node_status) VALUES ('7fb17533', 'b5a4ffce', '6fef9d3d', 260, 210, 40, 180, 2, 'PROGRESS');
INSERT INTO pcs_flc_state_node_flow (id, node_id, flow_id, x, y, height, width, type, node_status) VALUES ('c7f5354d', 'start', '6fef9d3d', 100, 390, 60, 60, 1, 'START');
INSERT INTO pcs_flc_state_node_flow (id, node_id, flow_id, x, y, height, width, type, node_status) VALUES ('6ba51472', '3b037eb2', '5b1c9c40', 520, 520, 40, 180, 2, 'PROGRESS');
INSERT INTO pcs_flc_state_node_flow (id, node_id, flow_id, x, y, height, width, type, node_status) VALUES ('155b1e56', 'b5a4ffce', '5b1c9c40', 260, 210, 40, 180, 2, 'PROGRESS');
INSERT INTO pcs_flc_state_node_flow (id, node_id, flow_id, x, y, height, width, type, node_status) VALUES ('62d995a7', '5b3ff31d', '5b1c9c40', 830, 400, 40, 180, 2, 'PROGRESS');
INSERT INTO pcs_flc_state_node_flow (id, node_id, flow_id, x, y, height, width, type, node_status) VALUES ('0a2242bc', '7db3a0d1', '5b1c9c40', 520, 400, 40, 180, 2, 'PROGRESS');
INSERT INTO pcs_flc_state_node_flow (id, node_id, flow_id, x, y, height, width, type, node_status) VALUES ('d8d406f9', 'done', '5b1c9c40', 1170, 400, 40, 100, 2, 'DONE');
INSERT INTO pcs_flc_state_node_flow (id, node_id, flow_id, x, y, height, width, type, node_status) VALUES ('b86f5b33', 'todo', '5b1c9c40', 300, 400, 40, 100, 2, 'TODO');
INSERT INTO pcs_flc_state_node_flow (id, node_id, flow_id, x, y, height, width, type, node_status) VALUES ('d61ed6b2', 'start', '5b1c9c40', 100, 390, 60, 60, 1, 'START');
INSERT INTO pcs_flc_state_node_flow (id, node_id, flow_id, x, y, height, width, type, node_status) VALUES ('0c072831', 'done', '9e7f5ea4', 1020, 300, 40, 100, 2, 'DONE');
INSERT INTO pcs_flc_state_node_flow (id, node_id, flow_id, x, y, height, width, type, node_status) VALUES ('50f59686', '7db3a0d1', '9e7f5ea4', 460, 300, 40, 180, 2, 'PROGRESS');
INSERT INTO pcs_flc_state_node_flow (id, node_id, flow_id, x, y, height, width, type, node_status) VALUES ('5d4f471a', 'todo', '9e7f5ea4', 270, 300, 40, 100, 2, 'TODO');
INSERT INTO pcs_flc_state_node_flow (id, node_id, flow_id, x, y, height, width, type, node_status) VALUES ('45aef262', '3b037eb2', '9e7f5ea4', 460, 450, 40, 180, 2, 'PROGRESS');
INSERT INTO pcs_flc_state_node_flow (id, node_id, flow_id, x, y, height, width, type, node_status) VALUES ('00673a6f', '5b3ff31d', '9e7f5ea4', 740, 300, 40, 180, 2, 'PROGRESS');
INSERT INTO pcs_flc_state_node_flow (id, node_id, flow_id, x, y, height, width, type, node_status) VALUES ('cf5b4280', 'b5a4ffce', '9e7f5ea4', 230, 110, 40, 180, 2, 'PROGRESS');
INSERT INTO pcs_flc_state_node_flow (id, node_id, flow_id, x, y, height, width, type, node_status) VALUES ('d3610904', 'start', '9e7f5ea4', 100, 290, 60, 60, 1, 'START');
INSERT INTO pcs_flc_state_node_flow (id, node_id, flow_id, x, y, height, width, type, node_status) VALUES ('2668d04f', '5b3ff31d', 'b1c53a54', 800, 400, 40, 180, 2, 'PROGRESS');
INSERT INTO pcs_flc_state_node_flow (id, node_id, flow_id, x, y, height, width, type, node_status) VALUES ('b0ef6a97', 'done', 'b1c53a54', 1120, 400, 40, 100, 2, 'DONE');
INSERT INTO pcs_flc_state_node_flow (id, node_id, flow_id, x, y, height, width, type, node_status) VALUES ('0386cecb', '3b037eb2', 'b1c53a54', 470, 530, 40, 180, 2, 'PROGRESS');
INSERT INTO pcs_flc_state_node_flow (id, node_id, flow_id, x, y, height, width, type, node_status) VALUES ('962987f7', 'todo', 'b1c53a54', 300, 400, 40, 100, 2, 'TODO');
INSERT INTO pcs_flc_state_node_flow (id, node_id, flow_id, x, y, height, width, type, node_status) VALUES ('a67adb92', '7db3a0d1', 'b1c53a54', 480, 400, 40, 160, 2, 'PROGRESS');
INSERT INTO pcs_flc_state_node_flow (id, node_id, flow_id, x, y, height, width, type, node_status) VALUES ('79c0930c', 'b5a4ffce', 'b1c53a54', 260, 210, 40, 180, 2, 'PROGRESS');
INSERT INTO pcs_flc_state_node_flow (id, node_id, flow_id, x, y, height, width, type, node_status) VALUES ('371c53e5', 'start', 'b1c53a54', 100, 390, 60, 60, 1, 'START');
INSERT INTO pcs_flc_state_node_flow (id, node_id, flow_id, x, y, height, width, type, node_status) VALUES ('aeee38e5', '3b037eb2', '34d7bf2c', 520, 520, 40, 180, 2, 'PROGRESS');
INSERT INTO pcs_flc_state_node_flow (id, node_id, flow_id, x, y, height, width, type, node_status) VALUES ('cd19e74c', 'b5a4ffce', '34d7bf2c', 260, 210, 40, 180, 2, 'PROGRESS');
INSERT INTO pcs_flc_state_node_flow (id, node_id, flow_id, x, y, height, width, type, node_status) VALUES ('6b83f729', '5b3ff31d', '34d7bf2c', 830, 400, 40, 180, 2, 'PROGRESS');
INSERT INTO pcs_flc_state_node_flow (id, node_id, flow_id, x, y, height, width, type, node_status) VALUES ('12b39471', '7db3a0d1', '34d7bf2c', 520, 400, 40, 180, 2, 'PROGRESS');
INSERT INTO pcs_flc_state_node_flow (id, node_id, flow_id, x, y, height, width, type, node_status) VALUES ('ab275094', 'done', '34d7bf2c', 1170, 400, 40, 100, 2, 'DONE');
INSERT INTO pcs_flc_state_node_flow (id, node_id, flow_id, x, y, height, width, type, node_status) VALUES ('b73addff', 'todo', '34d7bf2c', 300, 400, 40, 100, 2, 'TODO');
INSERT INTO pcs_flc_state_node_flow (id, node_id, flow_id, x, y, height, width, type, node_status) VALUES ('110411c0', 'start', '34d7bf2c', 100, 390, 60, 60, 1, 'START');
INSERT INTO pcs_flc_state_node_flow (id, node_id, flow_id, x, y, height, width, type, node_status) VALUES ('ef5cb8b4', 'done', '3b0fc788', 1020, 300, 40, 100, 2, 'DONE');
INSERT INTO pcs_flc_state_node_flow (id, node_id, flow_id, x, y, height, width, type, node_status) VALUES ('f62942c5', '7db3a0d1', '3b0fc788', 460, 300, 40, 180, 2, 'PROGRESS');
INSERT INTO pcs_flc_state_node_flow (id, node_id, flow_id, x, y, height, width, type, node_status) VALUES ('a1297b4b', 'todo', '3b0fc788', 270, 300, 40, 100, 2, 'TODO');
INSERT INTO pcs_flc_state_node_flow (id, node_id, flow_id, x, y, height, width, type, node_status) VALUES ('61f1c659', '3b037eb2', '3b0fc788', 460, 450, 40, 180, 2, 'PROGRESS');
INSERT INTO pcs_flc_state_node_flow (id, node_id, flow_id, x, y, height, width, type, node_status) VALUES ('dcd1eef4', '5b3ff31d', '3b0fc788', 740, 300, 40, 180, 2, 'PROGRESS');
INSERT INTO pcs_flc_state_node_flow (id, node_id, flow_id, x, y, height, width, type, node_status) VALUES ('d7519dba', 'b5a4ffce', '3b0fc788', 230, 110, 40, 180, 2, 'PROGRESS');
INSERT INTO pcs_flc_state_node_flow (id, node_id, flow_id, x, y, height, width, type, node_status) VALUES ('57c4a979', 'start', '3b0fc788', 100, 290, 60, 60, 1, 'START');

INSERT INTO pcs_flc_state_node_relation (id, work_name, work_id, node_id, state_node_id, project_id, flow_id) VALUES ('2a6e99ba', '接受数据失败', '4c2d13dbc873', 'todo', 'b86f5b33', '4cf6d4dec7d0', '5b1c9c40');
INSERT INTO pcs_flc_state_node_relation (id, work_name, work_id, node_id, state_node_id, project_id, flow_id) VALUES ('ef3cbd9f', '接口设计', 'aaf1bdb01f96', 'todo', '21bfa706', '4cf6d4dec7d0', '6fef9d3d');
INSERT INTO pcs_flc_state_node_relation (id, work_name, work_id, node_id, state_node_id, project_id, flow_id) VALUES ('e9575e64', '接口开发', '511b05fdde15', 'todo', '5d4f471a', '4cf6d4dec7d0', '9e7f5ea4');
INSERT INTO pcs_flc_state_node_relation (id, work_name, work_id, node_id, state_node_id, project_id, flow_id) VALUES ('94a26a7e', '流水线启动失败', 'e3a468f851a2', 'todo', 'b73addff', 'f3fdc893ff25', '34d7bf2c');
INSERT INTO pcs_flc_state_node_relation (id, work_name, work_id, node_id, state_node_id, project_id, flow_id) VALUES ('3d9d7dae', '流水线运行', '41ba6346e99c', 'todo', '962987f7', 'f3fdc893ff25', 'b1c53a54');
INSERT INTO pcs_flc_state_node_relation (id, work_name, work_id, node_id, state_node_id, project_id, flow_id) VALUES ('2f218eaa', '开发流水线项目', '295c16e604c3', 'todo', 'a1297b4b', 'f3fdc893ff25', '3b0fc788');

INSERT INTO pcs_flc_transition (id, name, flow_id, from_node_id, to_node_id, from_port_id, to_port_id) VALUES ('0e53ba67', '重新开始', 'a96cf9c9', '3b037eb2', '7db3a0d1', 'top1', 'bottom1');
INSERT INTO pcs_flc_transition (id, name, flow_id, from_node_id, to_node_id, from_port_id, to_port_id) VALUES ('a740a20a', '驳回', 'a96cf9c9', 'todo', 'b5a4ffce', 'top1', 'bottom1');
INSERT INTO pcs_flc_transition (id, name, flow_id, from_node_id, to_node_id, from_port_id, to_port_id) VALUES ('3ca92376', '开始', 'a96cf9c9', 'todo', '7db3a0d1', 'right1', 'left1');
INSERT INTO pcs_flc_transition (id, name, flow_id, from_node_id, to_node_id, from_port_id, to_port_id) VALUES ('b69480fe', '创建', 'a96cf9c9', 'start', 'todo', 'right1', 'left1');
INSERT INTO pcs_flc_transition (id, name, flow_id, from_node_id, to_node_id, from_port_id, to_port_id) VALUES ('c8e809d2', '结束', 'a96cf9c9', 'b5a4ffce', 'done', 'right1', 'top1');
INSERT INTO pcs_flc_transition (id, name, flow_id, from_node_id, to_node_id, from_port_id, to_port_id) VALUES ('e1511ba5', '已解决', 'a96cf9c9', '7db3a0d1', '5b3ff31d', 'right1', 'left1');
INSERT INTO pcs_flc_transition (id, name, flow_id, from_node_id, to_node_id, from_port_id, to_port_id) VALUES ('b663d06b', '完成', 'a96cf9c9', '5b3ff31d', 'done', 'right1', 'left1');
INSERT INTO pcs_flc_transition (id, name, flow_id, from_node_id, to_node_id, from_port_id, to_port_id) VALUES ('1f615d78', '驳回', 'a96cf9c9', '5b3ff31d', '3b037eb2', 'bottom1', 'right1');
INSERT INTO pcs_flc_transition (id, name, flow_id, from_node_id, to_node_id, from_port_id, to_port_id) VALUES ('c7dc729b', '驳回', '3d879830', 'todo', 'b5a4ffce', 'top1', 'bottom1');
INSERT INTO pcs_flc_transition (id, name, flow_id, from_node_id, to_node_id, from_port_id, to_port_id) VALUES ('775cc3f2', '开始', '3d879830', 'todo', '7db3a0d1', 'right1', 'left1');
INSERT INTO pcs_flc_transition (id, name, flow_id, from_node_id, to_node_id, from_port_id, to_port_id) VALUES ('179df45b', '重新开始', '3d879830', '3b037eb2', '7db3a0d1', 'top1', 'bottom1');
INSERT INTO pcs_flc_transition (id, name, flow_id, from_node_id, to_node_id, from_port_id, to_port_id) VALUES ('4299eb2a', '已解决', '3d879830', '7db3a0d1', '5b3ff31d', 'right1', 'left1');
INSERT INTO pcs_flc_transition (id, name, flow_id, from_node_id, to_node_id, from_port_id, to_port_id) VALUES ('f8b579a6', '完成', '3d879830', '5b3ff31d', 'done', 'right1', 'left1');
INSERT INTO pcs_flc_transition (id, name, flow_id, from_node_id, to_node_id, from_port_id, to_port_id) VALUES ('4c4b740c', '驳回', '3d879830', '5b3ff31d', '3b037eb2', 'bottom1', 'right1');
INSERT INTO pcs_flc_transition (id, name, flow_id, from_node_id, to_node_id, from_port_id, to_port_id) VALUES ('8298f937', '创建', '3d879830', 'start', 'todo', 'right1', 'left1');
INSERT INTO pcs_flc_transition (id, name, flow_id, from_node_id, to_node_id, from_port_id, to_port_id) VALUES ('96d5afe5', '结束', '3d879830', 'b5a4ffce', 'done', 'right1', 'top1');
INSERT INTO pcs_flc_transition (id, name, flow_id, from_node_id, to_node_id, from_port_id, to_port_id) VALUES ('c6e57d8c', '已解决', '4d040c6d', '7db3a0d1', '5b3ff31d', 'right1', 'left1');
INSERT INTO pcs_flc_transition (id, name, flow_id, from_node_id, to_node_id, from_port_id, to_port_id) VALUES ('8cdca0f0', '已完成', '4d040c6d', '5b3ff31d', 'done', 'right1', 'left1');
INSERT INTO pcs_flc_transition (id, name, flow_id, from_node_id, to_node_id, from_port_id, to_port_id) VALUES ('4c76d0bc', '驳回', '4d040c6d', '5b3ff31d', '3b037eb2', 'bottom1', 'right1');
INSERT INTO pcs_flc_transition (id, name, flow_id, from_node_id, to_node_id, from_port_id, to_port_id) VALUES ('a1d2a0db', '重新开始', '4d040c6d', '3b037eb2', '7db3a0d1', 'top1', 'bottom1');
INSERT INTO pcs_flc_transition (id, name, flow_id, from_node_id, to_node_id, from_port_id, to_port_id) VALUES ('b7f6835a', '驳回', '4d040c6d', 'todo', 'b5a4ffce', 'top1', 'bottom1');
INSERT INTO pcs_flc_transition (id, name, flow_id, from_node_id, to_node_id, from_port_id, to_port_id) VALUES ('1e76c11d', '创建', '4d040c6d', 'start', 'todo', 'right1', 'left1');
INSERT INTO pcs_flc_transition (id, name, flow_id, from_node_id, to_node_id, from_port_id, to_port_id) VALUES ('4aaaa30b', '结束', '4d040c6d', 'b5a4ffce', 'done', 'right1', 'top1');
INSERT INTO pcs_flc_transition (id, name, flow_id, from_node_id, to_node_id, from_port_id, to_port_id) VALUES ('36b0afc7', '开始', '4d040c6d', 'todo', '7db3a0d1', 'right1', 'left1');
INSERT INTO pcs_flc_transition (id, name, flow_id, from_node_id, to_node_id, from_port_id, to_port_id) VALUES ('1963c8b8', '驳回', '6fef9d3d', 'todo', 'b5a4ffce', 'top1', 'bottom1');
INSERT INTO pcs_flc_transition (id, name, flow_id, from_node_id, to_node_id, from_port_id, to_port_id) VALUES ('283c4015', '开始', '6fef9d3d', 'todo', '7db3a0d1', 'right1', 'left1');
INSERT INTO pcs_flc_transition (id, name, flow_id, from_node_id, to_node_id, from_port_id, to_port_id) VALUES ('b75655c5', '创建', '6fef9d3d', 'start', 'todo', 'right1', 'left1');
INSERT INTO pcs_flc_transition (id, name, flow_id, from_node_id, to_node_id, from_port_id, to_port_id) VALUES ('d2c91277', '结束', '6fef9d3d', 'b5a4ffce', 'done', 'right1', 'top1');
INSERT INTO pcs_flc_transition (id, name, flow_id, from_node_id, to_node_id, from_port_id, to_port_id) VALUES ('8470caf1', '已解决', '6fef9d3d', '7db3a0d1', '5b3ff31d', 'right1', 'left1');
INSERT INTO pcs_flc_transition (id, name, flow_id, from_node_id, to_node_id, from_port_id, to_port_id) VALUES ('8e648e37', '驳回', '6fef9d3d', '5b3ff31d', '3b037eb2', 'bottom1', 'right1');
INSERT INTO pcs_flc_transition (id, name, flow_id, from_node_id, to_node_id, from_port_id, to_port_id) VALUES ('0915c113', '完成', '6fef9d3d', '5b3ff31d', 'done', 'right1', 'left1');
INSERT INTO pcs_flc_transition (id, name, flow_id, from_node_id, to_node_id, from_port_id, to_port_id) VALUES ('2610ff59', '重新开始', '6fef9d3d', '3b037eb2', '7db3a0d1', 'top1', 'bottom1');
INSERT INTO pcs_flc_transition (id, name, flow_id, from_node_id, to_node_id, from_port_id, to_port_id) VALUES ('d5318c6b', '开始', '5b1c9c40', 'todo', '7db3a0d1', 'right1', 'left1');
INSERT INTO pcs_flc_transition (id, name, flow_id, from_node_id, to_node_id, from_port_id, to_port_id) VALUES ('8c663907', '驳回', '5b1c9c40', 'todo', 'b5a4ffce', 'top1', 'bottom1');
INSERT INTO pcs_flc_transition (id, name, flow_id, from_node_id, to_node_id, from_port_id, to_port_id) VALUES ('56af5d43', '创建', '5b1c9c40', 'start', 'todo', 'right1', 'left1');
INSERT INTO pcs_flc_transition (id, name, flow_id, from_node_id, to_node_id, from_port_id, to_port_id) VALUES ('83c62768', '结束', '5b1c9c40', 'b5a4ffce', 'done', 'right1', 'top1');
INSERT INTO pcs_flc_transition (id, name, flow_id, from_node_id, to_node_id, from_port_id, to_port_id) VALUES ('1c11df10', '已解决', '5b1c9c40', '7db3a0d1', '5b3ff31d', 'right1', 'left1');
INSERT INTO pcs_flc_transition (id, name, flow_id, from_node_id, to_node_id, from_port_id, to_port_id) VALUES ('6fc9b511', '完成', '5b1c9c40', '5b3ff31d', 'done', 'right1', 'left1');
INSERT INTO pcs_flc_transition (id, name, flow_id, from_node_id, to_node_id, from_port_id, to_port_id) VALUES ('dea6e310', '驳回', '5b1c9c40', '5b3ff31d', '3b037eb2', 'bottom1', 'right1');
INSERT INTO pcs_flc_transition (id, name, flow_id, from_node_id, to_node_id, from_port_id, to_port_id) VALUES ('bb592688', '重新开始', '5b1c9c40', '3b037eb2', '7db3a0d1', 'top1', 'bottom1');
INSERT INTO pcs_flc_transition (id, name, flow_id, from_node_id, to_node_id, from_port_id, to_port_id) VALUES ('df7be542', '开始', '9e7f5ea4', 'todo', '7db3a0d1', 'right1', 'left1');
INSERT INTO pcs_flc_transition (id, name, flow_id, from_node_id, to_node_id, from_port_id, to_port_id) VALUES ('d1c71995', '驳回', '9e7f5ea4', 'todo', 'b5a4ffce', 'top1', 'bottom1');
INSERT INTO pcs_flc_transition (id, name, flow_id, from_node_id, to_node_id, from_port_id, to_port_id) VALUES ('47aa8f19', '创建', '9e7f5ea4', 'start', 'todo', 'right1', 'left1');
INSERT INTO pcs_flc_transition (id, name, flow_id, from_node_id, to_node_id, from_port_id, to_port_id) VALUES ('d2ed7b69', '结束', '9e7f5ea4', 'b5a4ffce', 'done', 'right1', 'top1');
INSERT INTO pcs_flc_transition (id, name, flow_id, from_node_id, to_node_id, from_port_id, to_port_id) VALUES ('f1cb8e0c', '已解决', '9e7f5ea4', '7db3a0d1', '5b3ff31d', 'right1', 'left1');
INSERT INTO pcs_flc_transition (id, name, flow_id, from_node_id, to_node_id, from_port_id, to_port_id) VALUES ('13ea2d0c', '驳回', '9e7f5ea4', '5b3ff31d', '3b037eb2', 'bottom1', 'right1');
INSERT INTO pcs_flc_transition (id, name, flow_id, from_node_id, to_node_id, from_port_id, to_port_id) VALUES ('072e5b09', '已完成', '9e7f5ea4', '5b3ff31d', 'done', 'right1', 'left1');
INSERT INTO pcs_flc_transition (id, name, flow_id, from_node_id, to_node_id, from_port_id, to_port_id) VALUES ('bf27be52', '重新开始', '9e7f5ea4', '3b037eb2', '7db3a0d1', 'top1', 'bottom1');
INSERT INTO pcs_flc_transition (id, name, flow_id, from_node_id, to_node_id, from_port_id, to_port_id) VALUES ('0dce550c', '驳回', 'b1c53a54', 'todo', 'b5a4ffce', 'top1', 'bottom1');
INSERT INTO pcs_flc_transition (id, name, flow_id, from_node_id, to_node_id, from_port_id, to_port_id) VALUES ('ab9ac550', '开始', 'b1c53a54', 'todo', '7db3a0d1', 'right1', 'left1');
INSERT INTO pcs_flc_transition (id, name, flow_id, from_node_id, to_node_id, from_port_id, to_port_id) VALUES ('935d95fd', '创建', 'b1c53a54', 'start', 'todo', 'right1', 'left1');
INSERT INTO pcs_flc_transition (id, name, flow_id, from_node_id, to_node_id, from_port_id, to_port_id) VALUES ('2fd6c308', '结束', 'b1c53a54', 'b5a4ffce', 'done', 'right1', 'top1');
INSERT INTO pcs_flc_transition (id, name, flow_id, from_node_id, to_node_id, from_port_id, to_port_id) VALUES ('7729d700', '已解决', 'b1c53a54', '7db3a0d1', '5b3ff31d', 'right1', 'left1');
INSERT INTO pcs_flc_transition (id, name, flow_id, from_node_id, to_node_id, from_port_id, to_port_id) VALUES ('f5e1da01', '驳回', 'b1c53a54', '5b3ff31d', '3b037eb2', 'bottom1', 'right1');
INSERT INTO pcs_flc_transition (id, name, flow_id, from_node_id, to_node_id, from_port_id, to_port_id) VALUES ('0ceb9de5', '完成', 'b1c53a54', '5b3ff31d', 'done', 'right1', 'left1');
INSERT INTO pcs_flc_transition (id, name, flow_id, from_node_id, to_node_id, from_port_id, to_port_id) VALUES ('ed662ec5', '重新开始', 'b1c53a54', '3b037eb2', '7db3a0d1', 'top1', 'bottom1');
INSERT INTO pcs_flc_transition (id, name, flow_id, from_node_id, to_node_id, from_port_id, to_port_id) VALUES ('32e622ba', '开始', '34d7bf2c', 'todo', '7db3a0d1', 'right1', 'left1');
INSERT INTO pcs_flc_transition (id, name, flow_id, from_node_id, to_node_id, from_port_id, to_port_id) VALUES ('85f28f02', '驳回', '34d7bf2c', 'todo', 'b5a4ffce', 'top1', 'bottom1');
INSERT INTO pcs_flc_transition (id, name, flow_id, from_node_id, to_node_id, from_port_id, to_port_id) VALUES ('3e73cef3', '创建', '34d7bf2c', 'start', 'todo', 'right1', 'left1');
INSERT INTO pcs_flc_transition (id, name, flow_id, from_node_id, to_node_id, from_port_id, to_port_id) VALUES ('40207997', '结束', '34d7bf2c', 'b5a4ffce', 'done', 'right1', 'top1');
INSERT INTO pcs_flc_transition (id, name, flow_id, from_node_id, to_node_id, from_port_id, to_port_id) VALUES ('c81c750f', '已解决', '34d7bf2c', '7db3a0d1', '5b3ff31d', 'right1', 'left1');
INSERT INTO pcs_flc_transition (id, name, flow_id, from_node_id, to_node_id, from_port_id, to_port_id) VALUES ('62de0fb9', '完成', '34d7bf2c', '5b3ff31d', 'done', 'right1', 'left1');
INSERT INTO pcs_flc_transition (id, name, flow_id, from_node_id, to_node_id, from_port_id, to_port_id) VALUES ('41f40be6', '驳回', '34d7bf2c', '5b3ff31d', '3b037eb2', 'bottom1', 'right1');
INSERT INTO pcs_flc_transition (id, name, flow_id, from_node_id, to_node_id, from_port_id, to_port_id) VALUES ('58335cef', '重新开始', '34d7bf2c', '3b037eb2', '7db3a0d1', 'top1', 'bottom1');
INSERT INTO pcs_flc_transition (id, name, flow_id, from_node_id, to_node_id, from_port_id, to_port_id) VALUES ('d85ecdad', '开始', '3b0fc788', 'todo', '7db3a0d1', 'right1', 'left1');
INSERT INTO pcs_flc_transition (id, name, flow_id, from_node_id, to_node_id, from_port_id, to_port_id) VALUES ('fa0e9512', '驳回', '3b0fc788', 'todo', 'b5a4ffce', 'top1', 'bottom1');
INSERT INTO pcs_flc_transition (id, name, flow_id, from_node_id, to_node_id, from_port_id, to_port_id) VALUES ('8a73d329', '创建', '3b0fc788', 'start', 'todo', 'right1', 'left1');
INSERT INTO pcs_flc_transition (id, name, flow_id, from_node_id, to_node_id, from_port_id, to_port_id) VALUES ('28ee42da', '结束', '3b0fc788', 'b5a4ffce', 'done', 'right1', 'top1');
INSERT INTO pcs_flc_transition (id, name, flow_id, from_node_id, to_node_id, from_port_id, to_port_id) VALUES ('35c28073', '已解决', '3b0fc788', '7db3a0d1', '5b3ff31d', 'right1', 'left1');
INSERT INTO pcs_flc_transition (id, name, flow_id, from_node_id, to_node_id, from_port_id, to_port_id) VALUES ('f8153fd3', '驳回', '3b0fc788', '5b3ff31d', '3b037eb2', 'bottom1', 'right1');
INSERT INTO pcs_flc_transition (id, name, flow_id, from_node_id, to_node_id, from_port_id, to_port_id) VALUES ('32269796', '已完成', '3b0fc788', '5b3ff31d', 'done', 'right1', 'left1');
INSERT INTO pcs_flc_transition (id, name, flow_id, from_node_id, to_node_id, from_port_id, to_port_id) VALUES ('9df888ef', '重新开始', '3b0fc788', '3b037eb2', '7db3a0d1', 'top1', 'bottom1');

--INSERT INTO pcs_flc_transition_rule_config (id, rule_id, rule_type, config_type, config_value, determine) VALUES ('cfc61a2129c9', '066fb9811b09', 'limitUser', 'user', '{"roleIds":["WORK_ITEM_ASSIGNER"]}', NULL);
--INSERT INTO pcs_flc_transition_rule_config (id, rule_id, rule_type, config_type, config_value, determine) VALUES ('42d2baa6989f', '0f486e42ccec', 'limitUser', 'user', '{"roleIds":["WORK_ITEM_ASSIGNER"]}', NULL);
--INSERT INTO pcs_flc_transition_rule_config (id, rule_id, rule_type, config_type, config_value, determine) VALUES ('c144da0da31d', '17956d49e2a4', 'limitUser', 'user', '{"roleIds":["WORK_ITEM_ASSIGNER"]}', NULL);
--INSERT INTO pcs_flc_transition_rule_config (id, rule_id, rule_type, config_type, config_value, determine) VALUES ('fd1141dd8aa9', '1aa780640134', 'limitUser', 'user', '{"roleIds":["WORK_ITEM_ASSIGNER"]}', NULL);
--INSERT INTO pcs_flc_transition_rule_config (id, rule_id, rule_type, config_type, config_value, determine) VALUES ('6c7c4021980e', '1b6bb79d1bc2', 'limitUser', 'user', '{"roleIds":["WORK_ITEM_ASSIGNER"]}', NULL);
--INSERT INTO pcs_flc_transition_rule_config (id, rule_id, rule_type, config_type, config_value, determine) VALUES ('44074faf95a9', '20746e2a6aa6', 'limitUser', 'user', '{"roleIds":["WORK_ITEM_AUDITOR"]}', NULL);
--INSERT INTO pcs_flc_transition_rule_config (id, rule_id, rule_type, config_type, config_value, determine) VALUES ('8b8907c9cf02', '21d363a92ba4', 'limitUser', 'user', '{"roleIds":["WORK_ITEM_AUDITOR"]}', NULL);
--INSERT INTO pcs_flc_transition_rule_config (id, rule_id, rule_type, config_type, config_value, determine) VALUES ('dcdaee46833e', '2506106b45e5', 'limitUser', 'user', '{"roleIds":["WORK_ITEM_AUDITOR"]}', NULL);
--INSERT INTO pcs_flc_transition_rule_config (id, rule_id, rule_type, config_type, config_value, determine) VALUES ('8c5ebe584269', '256a67f6c8cf', 'limitUser', 'user', '{"roleIds":["WORK_ITEM_ASSIGNER"]}', NULL);
--INSERT INTO pcs_flc_transition_rule_config (id, rule_id, rule_type, config_type, config_value, determine) VALUES ('14fe4808abf7', '28b71379ed62', 'limitUser', 'user', '{"roleIds":["WORK_ITEM_ASSIGNER"]}', NULL);
--INSERT INTO pcs_flc_transition_rule_config (id, rule_id, rule_type, config_type, config_value, determine) VALUES ('fe5124cb39d8', '2eb1b8a3d380', 'limitUser', 'user', '{"roleIds":["WORK_ITEM_ASSIGNER"]}', NULL);
--INSERT INTO pcs_flc_transition_rule_config (id, rule_id, rule_type, config_type, config_value, determine) VALUES ('9e74705c06d2', '313605058dbe', 'distributionWork', 'user', '{"roleIds":["WORK_ITEM_CREATOR"],"name":"事项创建人"}', NULL);
--INSERT INTO pcs_flc_transition_rule_config (id, rule_id, rule_type, config_type, config_value, determine) VALUES ('623b62d22870', '334c885242e6', 'distributionWork', 'user', '{"roleIds":["WORK_ITEM_CREATOR"],"name":"事项创建人"}', NULL);
--INSERT INTO pcs_flc_transition_rule_config (id, rule_id, rule_type, config_type, config_value, determine) VALUES ('b9a2cbb20ac7', '365505789b1c', 'distributionWork', 'user', '{"roleIds":["WORK_ITEM_CREATOR"],"name":"事项创建人"}', NULL);
--INSERT INTO pcs_flc_transition_rule_config (id, rule_id, rule_type, config_type, config_value, determine) VALUES ('517799a55c56', '3803fe5923c9', 'limitUser', 'user', '{"roleIds":["WORK_ITEM_ASSIGNER"]}', NULL);
--INSERT INTO pcs_flc_transition_rule_config (id, rule_id, rule_type, config_type, config_value, determine) VALUES ('4270a845595e', '3d160667b480', 'limitUser', 'user', '{"roleIds":["WORK_ITEM_ASSIGNER"]}', NULL);
--INSERT INTO pcs_flc_transition_rule_config (id, rule_id, rule_type, config_type, config_value, determine) VALUES ('7d367f6ba5e9', '43c5bade5314', 'limitUser', 'user', '{"roleIds":["WORK_ITEM_ASSIGNER"]}', NULL);
--INSERT INTO pcs_flc_transition_rule_config (id, rule_id, rule_type, config_type, config_value, determine) VALUES ('37929315e66f', '43d0429a7fb5', 'limitUser', 'user', '{"roleIds":["WORK_ITEM_ASSIGNER"]}', NULL);
--INSERT INTO pcs_flc_transition_rule_config (id, rule_id, rule_type, config_type, config_value, determine) VALUES ('09686ae40cf6', '464f0cd51efa', 'limitUser', 'user', '{"roleIds":["WORK_ITEM_ASSIGNER"]}', NULL);
--INSERT INTO pcs_flc_transition_rule_config (id, rule_id, rule_type, config_type, config_value, determine) VALUES ('d2f033b0a4eb', '482cf24e1c56', 'limitUser', 'user', '{"roleIds":["WORK_ITEM_ASSIGNER"]}', NULL);
--INSERT INTO pcs_flc_transition_rule_config (id, rule_id, rule_type, config_type, config_value, determine) VALUES ('d5920078441e', '5049494052c8', 'limitUser', 'user', '{"roleIds":["WORK_ITEM_AUDITOR"]}', NULL);
--INSERT INTO pcs_flc_transition_rule_config (id, rule_id, rule_type, config_type, config_value, determine) VALUES ('2e767e75acc9', '55724034f6ae', 'limitUser', 'user', '{"roleIds":["WORK_ITEM_AUDITOR"]}', NULL);
--INSERT INTO pcs_flc_transition_rule_config (id, rule_id, rule_type, config_type, config_value, determine) VALUES ('09b6c6275417', '5615c50e1806', 'limitUser', 'user', '{"roleIds":["WORK_ITEM_AUDITOR"]}', NULL);
--INSERT INTO pcs_flc_transition_rule_config (id, rule_id, rule_type, config_type, config_value, determine) VALUES ('f5e2aca611b6', '65c2f1fa2a65', 'distributionWork', 'user', '{"roleIds":["WORK_ITEM_CREATOR"],"name":"事项创建人"}', NULL);
--INSERT INTO pcs_flc_transition_rule_config (id, rule_id, rule_type, config_type, config_value, determine) VALUES ('192089041143', '666b312fca34', 'distributionWork', 'user', '{"roleIds":["WORK_ITEM_CREATOR"],"name":"事项创建人"}', NULL);
--INSERT INTO pcs_flc_transition_rule_config (id, rule_id, rule_type, config_type, config_value, determine) VALUES ('89aa06c71c01', '6decf735a66c', 'limitUser', 'user', '{"roleIds":["WORK_ITEM_AUDITOR"]}', NULL);
--INSERT INTO pcs_flc_transition_rule_config (id, rule_id, rule_type, config_type, config_value, determine) VALUES ('bb126dbc995e', '7c0a74ab4336', 'limitUser', 'user', '{"roleIds":["WORK_ITEM_AUDITOR"]}', NULL);
--INSERT INTO pcs_flc_transition_rule_config (id, rule_id, rule_type, config_type, config_value, determine) VALUES ('351741e93728', '811bf9c17484', 'limitUser', 'user', '{"roleIds":["WORK_ITEM_AUDITOR"]}', NULL);
--INSERT INTO pcs_flc_transition_rule_config (id, rule_id, rule_type, config_type, config_value, determine) VALUES ('42cd5060c568', '82db00120537', 'limitUser', 'user', '{"roleIds":["WORK_ITEM_ASSIGNER"]}', NULL);
--INSERT INTO pcs_flc_transition_rule_config (id, rule_id, rule_type, config_type, config_value, determine) VALUES ('8850634a5f5b', '8754dd92a535', 'limitUser', 'user', '{"roleIds":["WORK_ITEM_ASSIGNER"]}', NULL);
--INSERT INTO pcs_flc_transition_rule_config (id, rule_id, rule_type, config_type, config_value, determine) VALUES ('2478e8316865', '87cc8ed4306a', 'limitUser', 'user', '{"roleIds":["WORK_ITEM_ASSIGNER"]}', NULL);
--INSERT INTO pcs_flc_transition_rule_config (id, rule_id, rule_type, config_type, config_value, determine) VALUES ('43b0b4bcc1f0', '881d5a799175', 'limitUser', 'user', '{"roleIds":["WORK_ITEM_AUDITOR"]}', NULL);
--INSERT INTO pcs_flc_transition_rule_config (id, rule_id, rule_type, config_type, config_value, determine) VALUES ('e46e587925e7', '8be954bbf0e8', 'limitUser', 'user', '{"roleIds":["WORK_ITEM_AUDITOR"]}', NULL);
--INSERT INTO pcs_flc_transition_rule_config (id, rule_id, rule_type, config_type, config_value, determine) VALUES ('398a5b0ed972', '8d1cf8f60aa2', 'limitUser', 'user', '{"roleIds":["WORK_ITEM_AUDITOR"]}', NULL);
--INSERT INTO pcs_flc_transition_rule_config (id, rule_id, rule_type, config_type, config_value, determine) VALUES ('7faf63edd713', '8d430962e11c', 'limitUser', 'user', '{"roleIds":["WORK_ITEM_AUDITOR"]}', NULL);
--INSERT INTO pcs_flc_transition_rule_config (id, rule_id, rule_type, config_type, config_value, determine) VALUES ('455dc7eed4ae', '957d51c220ef', 'limitUser', 'user', '{"roleIds":["WORK_ITEM_AUDITOR"]}', NULL);
--INSERT INTO pcs_flc_transition_rule_config (id, rule_id, rule_type, config_type, config_value, determine) VALUES ('e9f451232692', '99345915f67a', 'limitUser', 'user', '{"roleIds":["WORK_ITEM_AUDITOR"]}', NULL);
--INSERT INTO pcs_flc_transition_rule_config (id, rule_id, rule_type, config_type, config_value, determine) VALUES ('84efb4641318', '9dda4af70d45', 'limitUser', 'user', '{"roleIds":["WORK_ITEM_AUDITOR"]}', NULL);
--INSERT INTO pcs_flc_transition_rule_config (id, rule_id, rule_type, config_type, config_value, determine) VALUES ('5147ca2002f3', '9f597ef866dd', 'limitUser', 'user', '{"roleIds":["WORK_ITEM_AUDITOR"]}', NULL);
--INSERT INTO pcs_flc_transition_rule_config (id, rule_id, rule_type, config_type, config_value, determine) VALUES ('c06ff7ec13c4', 'a00586d13150', 'limitUser', 'user', '{"roleIds":["WORK_ITEM_AUDITOR"]}', NULL);
--INSERT INTO pcs_flc_transition_rule_config (id, rule_id, rule_type, config_type, config_value, determine) VALUES ('d7a5ce4cce5c', 'a01ebd0631c4', 'distributionWork', 'user', '{"roleIds":["WORK_ITEM_CREATOR"],"name":"事项创建人"}', NULL);
--INSERT INTO pcs_flc_transition_rule_config (id, rule_id, rule_type, config_type, config_value, determine) VALUES ('d94b65019cf1', 'a05da415b35b', 'distributionWork', 'user', '{"roleIds":["WORK_ITEM_CREATOR"],"name":"事项创建人"}', NULL);
--INSERT INTO pcs_flc_transition_rule_config (id, rule_id, rule_type, config_type, config_value, determine) VALUES ('fa8403e32704', 'ae3d9991606b', 'distributionWork', 'user', '{"roleIds":["WORK_ITEM_CREATOR"],"name":"事项创建人"}', NULL);
--INSERT INTO pcs_flc_transition_rule_config (id, rule_id, rule_type, config_type, config_value, determine) VALUES ('79b29ca3348d', 'b1565377def7', 'limitUser', 'user', '{"roleIds":["WORK_ITEM_ASSIGNER"]}', NULL);
--INSERT INTO pcs_flc_transition_rule_config (id, rule_id, rule_type, config_type, config_value, determine) VALUES ('1fbd4b9d8ffb', 'b89240f228ed', 'limitUser', 'user', '{"roleIds":["WORK_ITEM_ASSIGNER"]}', NULL);
--INSERT INTO pcs_flc_transition_rule_config (id, rule_id, rule_type, config_type, config_value, determine) VALUES ('b743cf33943c', 'bd2685d48a8c', 'limitUser', 'user', '{"roleIds":["WORK_ITEM_ASSIGNER"]}', NULL);
--INSERT INTO pcs_flc_transition_rule_config (id, rule_id, rule_type, config_type, config_value, determine) VALUES ('967845e241ab', 'c14c662bee15', 'limitUser', 'user', '{"roleIds":["WORK_ITEM_ASSIGNER"]}', NULL);
--INSERT INTO pcs_flc_transition_rule_config (id, rule_id, rule_type, config_type, config_value, determine) VALUES ('a1e6f867082d', 'c4c8b9381f32', 'limitUser', 'user', '{"roleIds":["WORK_ITEM_ASSIGNER"]}', NULL);
--INSERT INTO pcs_flc_transition_rule_config (id, rule_id, rule_type, config_type, config_value, determine) VALUES ('b3ef6f74f7eb', 'd00fac6d5d97', 'limitUser', 'user', '{"roleIds":["WORK_ITEM_ASSIGNER"]}', NULL);
--INSERT INTO pcs_flc_transition_rule_config (id, rule_id, rule_type, config_type, config_value, determine) VALUES ('b925983c0306', 'd118b0d2f269', 'limitUser', 'user', '{"roleIds":["WORK_ITEM_ASSIGNER"]}', NULL);
--INSERT INTO pcs_flc_transition_rule_config (id, rule_id, rule_type, config_type, config_value, determine) VALUES ('82d0b3812ad9', 'd17a6aa174aa', 'limitUser', 'user', '{"roleIds":["WORK_ITEM_ASSIGNER"]}', NULL);
--INSERT INTO pcs_flc_transition_rule_config (id, rule_id, rule_type, config_type, config_value, determine) VALUES ('9512a4ef3ef4', 'd7aea1312d90', 'limitUser', 'user', '{"roleIds":["WORK_ITEM_ASSIGNER"]}', NULL);
--INSERT INTO pcs_flc_transition_rule_config (id, rule_id, rule_type, config_type, config_value, determine) VALUES ('16a14213eb6b', 'd9a75477925d', 'limitUser', 'user', '{"roleIds":["WORK_ITEM_ASSIGNER"]}', NULL);
--INSERT INTO pcs_flc_transition_rule_config (id, rule_id, rule_type, config_type, config_value, determine) VALUES ('b93592196270', 'da9e280a1226', 'limitUser', 'user', '{"roleIds":["WORK_ITEM_ASSIGNER"]}', NULL);
--INSERT INTO pcs_flc_transition_rule_config (id, rule_id, rule_type, config_type, config_value, determine) VALUES ('0794dfcf23cf', 'dbcec9671969', 'limitUser', 'user', '{"roleIds":["WORK_ITEM_ASSIGNER"]}', NULL);
--INSERT INTO pcs_flc_transition_rule_config (id, rule_id, rule_type, config_type, config_value, determine) VALUES ('bf05d88978e9', 'dcead1f71e00', 'limitUser', 'user', '{"roleIds":["WORK_ITEM_ASSIGNER"]}', NULL);
--INSERT INTO pcs_flc_transition_rule_config (id, rule_id, rule_type, config_type, config_value, determine) VALUES ('166e2ef8ef3b', 'e1331f7dd3d5', 'limitUser', 'user', '{"roleIds":["WORK_ITEM_ASSIGNER"]}', NULL);
--INSERT INTO pcs_flc_transition_rule_config (id, rule_id, rule_type, config_type, config_value, determine) VALUES ('57c4c4d451b7', 'e492bd6c1ad0', 'limitUser', 'user', '{"roleIds":["WORK_ITEM_ASSIGNER"]}', NULL);
--INSERT INTO pcs_flc_transition_rule_config (id, rule_id, rule_type, config_type, config_value, determine) VALUES ('e81a2e185aab', 'e7b095c41444', 'limitUser', 'user', '{"roleIds":["WORK_ITEM_ASSIGNER"]}', NULL);
--INSERT INTO pcs_flc_transition_rule_config (id, rule_id, rule_type, config_type, config_value, determine) VALUES ('74b4c21b377b', 'e8f2f11c971f', 'limitUser', 'user', '{"roleIds":["WORK_ITEM_ASSIGNER"]}', NULL);
--INSERT INTO pcs_flc_transition_rule_config (id, rule_id, rule_type, config_type, config_value, determine) VALUES ('2cad18a6ade9', 'efba527c5814', 'limitUser', 'user', '{"roleIds":["WORK_ITEM_ASSIGNER"]}', NULL);
--INSERT INTO pcs_flc_transition_rule_config (id, rule_id, rule_type, config_type, config_value, determine) VALUES ('63f3804d8415', 'f41bdbd63991', 'limitUser', 'user', '{"roleIds":["WORK_ITEM_ASSIGNER"]}', NULL);
--INSERT INTO pcs_flc_transition_rule_config (id, rule_id, rule_type, config_type, config_value, determine) VALUES ('61b813b401ad', 'f526edfdf65d', 'limitUser', 'user', '{"roleIds":["WORK_ITEM_ASSIGNER"]}', NULL);
--INSERT INTO pcs_flc_transition_rule_config (id, rule_id, rule_type, config_type, config_value, determine) VALUES ('0ab8f1b8ea36', 'f5e61b2b6b73', 'limitUser', 'user', '{"roleIds":["WORK_ITEM_ASSIGNER"]}', NULL);
--INSERT INTO pcs_flc_transition_rule_config (id, rule_id, rule_type, config_type, config_value, determine) VALUES ('7e23f6df8b76', 'f68da26ce73d', 'limitUser', 'user', '{"roleIds":["WORK_ITEM_ASSIGNER"]}', NULL);
--INSERT INTO pcs_flc_transition_rule_config (id, rule_id, rule_type, config_type, config_value, determine) VALUES ('8e3a7172acfd', 'f68ea560af4d', 'limitUser', 'user', '{"roleIds":["WORK_ITEM_ASSIGNER"]}', NULL);
--INSERT INTO pcs_flc_transition_rule_config (id, rule_id, rule_type, config_type, config_value, determine) VALUES ('d7426e316adb', 'f8e800dd725c', 'limitUser', 'user', '{"roleIds":["WORK_ITEM_ASSIGNER"]}', NULL);
--INSERT INTO pcs_flc_transition_rule_config (id, rule_id, rule_type, config_type, config_value, determine) VALUES ('e1af95b76996', 'f8eb9c2446c4', 'limitUser', 'user', '{"roleIds":["WORK_ITEM_ASSIGNER"]}', NULL);
--INSERT INTO pcs_flc_transition_rule_config (id, rule_id, rule_type, config_type, config_value, determine) VALUES ('2bd6ecdfe34b', 'f97102c03a80', 'limitUser', 'user', '{"roleIds":["WORK_ITEM_ASSIGNER"]}', NULL);
--INSERT INTO pcs_flc_transition_rule_config (id, rule_id, rule_type, config_type, config_value, determine) VALUES ('2793599e87e9', '04e7684bb614', 'limitUser', 'user', '{"roleIds":["WORK_ITEM_ASSIGNER"]}', NULL);
--INSERT INTO pcs_flc_transition_rule_config (id, rule_id, rule_type, config_type, config_value, determine) VALUES ('09aacafc1714', '615783f2cc2f', 'distributionWork', 'user', '{"roleIds":["WORK_ITEM_CREATOR"],"name":"事项创建人"}', NULL);
--INSERT INTO pcs_flc_transition_rule_config (id, rule_id, rule_type, config_type, config_value, determine) VALUES ('51fee215b0a9', 'eacf3b024fc2', 'limitUser', 'user', '{"roleIds":["WORK_ITEM_ASSIGNER"]}', NULL);

INSERT INTO pcs_flc_transition_rule_config (id, rule_id, rule_type, config_type, config_value, determine) VALUES ('9512a4ef3ef4', 'd7aea1312d90', 'limitUser', 'user', '{"roleIds":["WORK_ITEM_ASSIGNER"]}', NULL);
INSERT INTO pcs_flc_transition_rule_config (id, rule_id, rule_type, config_type, config_value, determine) VALUES ('44074faf95a9', '20746e2a6aa6', 'limitUser', 'user', '{"roleIds":["WORK_ITEM_ASSIGNER"]}', NULL);
INSERT INTO pcs_flc_transition_rule_config (id, rule_id, rule_type, config_type, config_value, determine) VALUES ('cfc61a2129c9', '066fb9811b09', 'limitUser', 'user', '{"roleIds":["WORK_ITEM_ASSIGNER"]}', NULL);
INSERT INTO pcs_flc_transition_rule_config (id, rule_id, rule_type, config_type, config_value, determine) VALUES ('fd1141dd8aa9', '1aa780640134', 'limitUser', 'user', '{"roleIds":["WORK_ITEM_ASSIGNER"]}', NULL);
INSERT INTO pcs_flc_transition_rule_config (id, rule_id, rule_type, config_type, config_value, determine) VALUES ('14fe4808abf7', '28b71379ed62', 'limitUser', 'user', '{"roleIds":["WORK_ITEM_ASSIGNER"]}', NULL);
INSERT INTO pcs_flc_transition_rule_config (id, rule_id, rule_type, config_type, config_value, determine) VALUES ('fe5124cb39d8', '2eb1b8a3d380', 'limitUser', 'user', '{"roleIds":["WORK_ITEM_ASSIGNER"]}', NULL);
INSERT INTO pcs_flc_transition_rule_config (id, rule_id, rule_type, config_type, config_value, determine) VALUES ('517799a55c56', '3803fe5923c9', 'limitUser', 'user', '{"roleIds":["WORK_ITEM_ASSIGNER"]}', NULL);
INSERT INTO pcs_flc_transition_rule_config (id, rule_id, rule_type, config_type, config_value, determine) VALUES ('4270a845595e', '3d160667b480', 'limitUser', 'user', '{"roleIds":["WORK_ITEM_ASSIGNER"]}', NULL);
INSERT INTO pcs_flc_transition_rule_config (id, rule_id, rule_type, config_type, config_value, determine) VALUES ('09686ae40cf6', '464f0cd51efa', 'limitUser', 'user', '{"roleIds":["WORK_ITEM_ASSIGNER"]}', NULL);
INSERT INTO pcs_flc_transition_rule_config (id, rule_id, rule_type, config_type, config_value, determine) VALUES ('09b6c6275417', '5615c50e1806', 'limitUser', 'user', '{"roleIds":["WORK_ITEM_ASSIGNER"]}', NULL);
INSERT INTO pcs_flc_transition_rule_config (id, rule_id, rule_type, config_type, config_value, determine) VALUES ('e9f451232692', '99345915f67a', 'limitUser', 'user', '{"roleIds":["WORK_ITEM_ASSIGNER"]}', NULL);
INSERT INTO pcs_flc_transition_rule_config (id, rule_id, rule_type, config_type, config_value, determine) VALUES ('b743cf33943c', 'bd2685d48a8c', 'limitUser', 'user', '{"roleIds":["WORK_ITEM_ASSIGNER"]}', NULL);
INSERT INTO pcs_flc_transition_rule_config (id, rule_id, rule_type, config_type, config_value, determine) VALUES ('967845e241ab', 'c14c662bee15', 'limitUser', 'user', '{"roleIds":["WORK_ITEM_ASSIGNER"]}', NULL);
INSERT INTO pcs_flc_transition_rule_config (id, rule_id, rule_type, config_type, config_value, determine) VALUES ('82d0b3812ad9', 'd17a6aa174aa', 'limitUser', 'user', '{"roleIds":["WORK_ITEM_ASSIGNER"]}', NULL);
INSERT INTO pcs_flc_transition_rule_config (id, rule_id, rule_type, config_type, config_value, determine) VALUES ('5147ca2002f3', '9f597ef866dd', 'limitUser', 'user', '{"roleIds":["WORK_ITEM_ASSIGNER"]}', NULL);
INSERT INTO pcs_flc_transition_rule_config (id, rule_id, rule_type, config_type, config_value, determine) VALUES ('16a14213eb6b', 'd9a75477925d', 'limitUser', 'user', '{"roleIds":["WORK_ITEM_ASSIGNER"]}', NULL);
INSERT INTO pcs_flc_transition_rule_config (id, rule_id, rule_type, config_type, config_value, determine) VALUES ('b93592196270', 'da9e280a1226', 'limitUser', 'user', '{"roleIds":["WORK_ITEM_ASSIGNER"]}', NULL);
INSERT INTO pcs_flc_transition_rule_config (id, rule_id, rule_type, config_type, config_value, determine) VALUES ('166e2ef8ef3b', 'e1331f7dd3d5', 'limitUser', 'user', '{"roleIds":["WORK_ITEM_ASSIGNER"]}', NULL);
INSERT INTO pcs_flc_transition_rule_config (id, rule_id, rule_type, config_type, config_value, determine) VALUES ('57c4c4d451b7', 'e492bd6c1ad0', 'limitUser', 'user', '{"roleIds":["WORK_ITEM_ASSIGNER"]}', NULL);
INSERT INTO pcs_flc_transition_rule_config (id, rule_id, rule_type, config_type, config_value, determine) VALUES ('e81a2e185aab', 'e7b095c41444', 'limitUser', 'user', '{"roleIds":["WORK_ITEM_ASSIGNER"]}', NULL);
INSERT INTO pcs_flc_transition_rule_config (id, rule_id, rule_type, config_type, config_value, determine) VALUES ('74b4c21b377b', 'e8f2f11c971f', 'limitUser', 'user', '{"roleIds":["WORK_ITEM_ASSIGNER"]}', NULL);
INSERT INTO pcs_flc_transition_rule_config (id, rule_id, rule_type, config_type, config_value, determine) VALUES ('51fee215b0a9', 'eacf3b024fc2', 'limitUser', 'user', '{"roleIds":["WORK_ITEM_ASSIGNER"]}', NULL);
INSERT INTO pcs_flc_transition_rule_config (id, rule_id, rule_type, config_type, config_value, determine) VALUES ('61b813b401ad', 'f526edfdf65d', 'limitUser', 'user', '{"roleIds":["WORK_ITEM_ASSIGNER"]}', NULL);
INSERT INTO pcs_flc_transition_rule_config (id, rule_id, rule_type, config_type, config_value, determine) VALUES ('0ab8f1b8ea36', 'f5e61b2b6b73', 'limitUser', 'user', '{"roleIds":["WORK_ITEM_ASSIGNER"]}', NULL);
INSERT INTO pcs_flc_transition_rule_config (id, rule_id, rule_type, config_type, config_value, determine) VALUES ('7e23f6df8b76', 'f68da26ce73d', 'limitUser', 'user', '{"roleIds":["WORK_ITEM_ASSIGNER"]}', NULL);
INSERT INTO pcs_flc_transition_rule_config (id, rule_id, rule_type, config_type, config_value, determine) VALUES ('8e3a7172acfd', 'f68ea560af4d', 'limitUser', 'user', '{"roleIds":["WORK_ITEM_ASSIGNER"]}', NULL);
INSERT INTO pcs_flc_transition_rule_config (id, rule_id, rule_type, config_type, config_value, determine) VALUES ('2bd6ecdfe34b', 'f97102c03a80', 'limitUser', 'user', '{"roleIds":["WORK_ITEM_ASSIGNER"]}', NULL);
INSERT INTO pcs_flc_transition_rule_config (id, rule_id, rule_type, config_type, config_value, determine) VALUES ('623b62d22870', '334c885242e6', 'limitUser', 'user', '{"roleIds":["WORK_ITEM_ASSIGNER"]}', NULL);
INSERT INTO pcs_flc_transition_rule_config (id, rule_id, rule_type, config_type, config_value, determine) VALUES ('b925983c0306', 'd118b0d2f269', 'limitUser', 'user', '{"roleIds":["WORK_ITEM_ASSIGNER"]}', NULL);
INSERT INTO pcs_flc_transition_rule_config (id, rule_id, rule_type, config_type, config_value, determine) VALUES ('63f3804d8415', 'f41bdbd63991', 'limitUser', 'user', '{"roleIds":["WORK_ITEM_ASSIGNER"]}', NULL);
INSERT INTO pcs_flc_transition_rule_config (id, rule_id, rule_type, config_type, config_value, determine) VALUES ('bf05d88978e9', 'dcead1f71e00', 'limitUser', 'user', '{"roleIds":["WORK_ITEM_ASSIGNER"]}', NULL);
INSERT INTO pcs_flc_transition_rule_config (id, rule_id, rule_type, config_type, config_value, determine) VALUES ('84efb4641318', '9dda4af70d45', 'limitUser', 'user', '{"roleIds":["WORK_ITEM_ASSIGNER"]}', NULL);
INSERT INTO pcs_flc_transition_rule_config (id, rule_id, rule_type, config_type, config_value, determine) VALUES ('e46e587925e7', '8be954bbf0e8', 'limitUser', 'user', '{"roleIds":["WORK_ITEM_ASSIGNER"]}', NULL);
INSERT INTO pcs_flc_transition_rule_config (id, rule_id, rule_type, config_type, config_value, determine) VALUES ('42cd5060c568', '82db00120537', 'limitUser', 'user', '{"roleIds":["WORK_ITEM_ASSIGNER"]}', NULL);
INSERT INTO pcs_flc_transition_rule_config (id, rule_id, rule_type, config_type, config_value, determine) VALUES ('8c5ebe584269', '256a67f6c8cf', 'limitUser', 'user', '{"roleIds":["WORK_ITEM_ASSIGNER"]}', NULL);
INSERT INTO pcs_flc_transition_rule_config (id, rule_id, rule_type, config_type, config_value, determine) VALUES ('d5920078441e', '5049494052c8', 'limitUser', 'user', '{"roleIds":["WORK_ITEM_ASSIGNER"]}', NULL);
INSERT INTO pcs_flc_transition_rule_config (id, rule_id, rule_type, config_type, config_value, determine) VALUES ('1fbd4b9d8ffb', 'b89240f228ed', 'limitUser', 'user', '{"roleIds":["WORK_ITEM_ASSIGNER"]}', NULL);
INSERT INTO pcs_flc_transition_rule_config (id, rule_id, rule_type, config_type, config_value, determine) VALUES ('e1af95b76996', 'f8eb9c2446c4', 'limitUser', 'user', '{"roleIds":["WORK_ITEM_ASSIGNER"]}', NULL);
INSERT INTO pcs_flc_transition_rule_config (id, rule_id, rule_type, config_type, config_value, determine) VALUES ('43b0b4bcc1f0', '881d5a799175', 'limitUser', 'user', '{"roleIds":["WORK_ITEM_ASSIGNER"]}', NULL);
INSERT INTO pcs_flc_transition_rule_config (id, rule_id, rule_type, config_type, config_value, determine) VALUES ('8b8907c9cf02', '21d363a92ba4', 'limitUser', 'user', '{"roleIds":["WORK_ITEM_ASSIGNER"]}', NULL);
INSERT INTO pcs_flc_transition_rule_config (id, rule_id, rule_type, config_type, config_value, determine) VALUES ('09aacafc1714', '615783f2cc2f', 'limitUser', 'user', '{"roleIds":["WORK_ITEM_ASSIGNER"]}', NULL);
INSERT INTO pcs_flc_transition_rule_config (id, rule_id, rule_type, config_type, config_value, determine) VALUES ('37929315e66f', '43d0429a7fb5', 'limitUser', 'user', '{"roleIds":["WORK_ITEM_ASSIGNER"]}', NULL);
INSERT INTO pcs_flc_transition_rule_config (id, rule_id, rule_type, config_type, config_value, determine) VALUES ('2793599e87e9', '04e7684bb614', 'limitUser', 'user', '{"roleIds":["WORK_ITEM_ASSIGNER"]}', NULL);
INSERT INTO pcs_flc_transition_rule_config (id, rule_id, rule_type, config_type, config_value, determine) VALUES ('c144da0da31d', '17956d49e2a4', 'limitUser', 'user', '{"roleIds":["WORK_ITEM_ASSIGNER"]}', NULL);
INSERT INTO pcs_flc_transition_rule_config (id, rule_id, rule_type, config_type, config_value, determine) VALUES ('dcdaee46833e', '2506106b45e5', 'limitUser', 'user', '{"roleIds":["WORK_ITEM_ASSIGNER"]}', NULL);
INSERT INTO pcs_flc_transition_rule_config (id, rule_id, rule_type, config_type, config_value, determine) VALUES ('b3ef6f74f7eb', 'd00fac6d5d97', 'limitUser', 'user', '{"roleIds":["WORK_ITEM_AUDITOR"]}', NULL);
INSERT INTO pcs_flc_transition_rule_config (id, rule_id, rule_type, config_type, config_value, determine) VALUES ('455dc7eed4ae', '957d51c220ef', 'limitUser', 'user', '{"roleIds":["WORK_ITEM_AUDITOR"]}', NULL);
INSERT INTO pcs_flc_transition_rule_config (id, rule_id, rule_type, config_type, config_value, determine) VALUES ('2e767e75acc9', '55724034f6ae', 'limitUser', 'user', '{"roleIds":["WORK_ITEM_AUDITOR"]}', NULL);
INSERT INTO pcs_flc_transition_rule_config (id, rule_id, rule_type, config_type, config_value, determine) VALUES ('a1e6f867082d', 'c4c8b9381f32', 'limitUser', 'user', '{"roleIds":["WORK_ITEM_AUDITOR"]}', NULL);
INSERT INTO pcs_flc_transition_rule_config (id, rule_id, rule_type, config_type, config_value, determine) VALUES ('f5e2aca611b6', '65c2f1fa2a65', 'limitUser', 'user', '{"roleIds":["WORK_ITEM_AUDITOR"]}', NULL);
INSERT INTO pcs_flc_transition_rule_config (id, rule_id, rule_type, config_type, config_value, determine) VALUES ('c06ff7ec13c4', 'a00586d13150', 'limitUser', 'user', '{"roleIds":["WORK_ITEM_AUDITOR"]}', NULL);
INSERT INTO pcs_flc_transition_rule_config (id, rule_id, rule_type, config_type, config_value, determine) VALUES ('2478e8316865', '87cc8ed4306a', 'limitUser', 'user', '{"roleIds":["WORK_ITEM_AUDITOR"]}', NULL);
INSERT INTO pcs_flc_transition_rule_config (id, rule_id, rule_type, config_type, config_value, determine) VALUES ('7d367f6ba5e9', '43c5bade5314', 'limitUser', 'user', '{"roleIds":["WORK_ITEM_AUDITOR"]}', NULL);
INSERT INTO pcs_flc_transition_rule_config (id, rule_id, rule_type, config_type, config_value, determine) VALUES ('d2f033b0a4eb', '482cf24e1c56', 'limitUser', 'user', '{"roleIds":["WORK_ITEM_AUDITOR"]}', NULL);
INSERT INTO pcs_flc_transition_rule_config (id, rule_id, rule_type, config_type, config_value, determine) VALUES ('bb126dbc995e', '7c0a74ab4336', 'limitUser', 'user', '{"roleIds":["WORK_ITEM_AUDITOR"]}', NULL);
INSERT INTO pcs_flc_transition_rule_config (id, rule_id, rule_type, config_type, config_value, determine) VALUES ('8850634a5f5b', '8754dd92a535', 'limitUser', 'user', '{"roleIds":["WORK_ITEM_AUDITOR"]}', NULL);
INSERT INTO pcs_flc_transition_rule_config (id, rule_id, rule_type, config_type, config_value, determine) VALUES ('42d2baa6989f', '0f486e42ccec', 'limitUser', 'user', '{"roleIds":["WORK_ITEM_AUDITOR"]}', NULL);
INSERT INTO pcs_flc_transition_rule_config (id, rule_id, rule_type, config_type, config_value, determine) VALUES ('398a5b0ed972', '8d1cf8f60aa2', 'limitUser', 'user', '{"roleIds":["WORK_ITEM_AUDITOR"]}', NULL);
INSERT INTO pcs_flc_transition_rule_config (id, rule_id, rule_type, config_type, config_value, determine) VALUES ('9e74705c06d2', '313605058dbe', 'limitUser', 'user', '{"roleIds":["WORK_ITEM_AUDITOR"]}', NULL);
INSERT INTO pcs_flc_transition_rule_config (id, rule_id, rule_type, config_type, config_value, determine) VALUES ('89aa06c71c01', '6decf735a66c', 'limitUser', 'user', '{"roleIds":["WORK_ITEM_AUDITOR"]}', NULL);
INSERT INTO pcs_flc_transition_rule_config (id, rule_id, rule_type, config_type, config_value, determine) VALUES ('d7a5ce4cce5c', 'a01ebd0631c4', 'limitUser', 'user', '{"roleIds":["WORK_ITEM_AUDITOR"]}', NULL);
INSERT INTO pcs_flc_transition_rule_config (id, rule_id, rule_type, config_type, config_value, determine) VALUES ('79b29ca3348d', 'b1565377def7', 'limitUser', 'user', '{"roleIds":["WORK_ITEM_AUDITOR"]}', NULL);
INSERT INTO pcs_flc_transition_rule_config (id, rule_id, rule_type, config_type, config_value, determine) VALUES ('192089041143', '666b312fca34', 'limitUser', 'user', '{"roleIds":["WORK_ITEM_AUDITOR"]}', NULL);
INSERT INTO pcs_flc_transition_rule_config (id, rule_id, rule_type, config_type, config_value, determine) VALUES ('0794dfcf23cf', 'dbcec9671969', 'distributionWork', 'user', '{"roleIds":["WORK_ITEM_CREATOR"],"name":"事项创建人"}', NULL);
INSERT INTO pcs_flc_transition_rule_config (id, rule_id, rule_type, config_type, config_value, determine) VALUES ('351741e93728', '811bf9c17484', 'distributionWork', 'user', '{"roleIds":["WORK_ITEM_CREATOR"],"name":"事项创建人"}', NULL);
INSERT INTO pcs_flc_transition_rule_config (id, rule_id, rule_type, config_type, config_value, determine) VALUES ('b9a2cbb20ac7', '365505789b1c', 'distributionWork', 'user', '{"roleIds":["WORK_ITEM_CREATOR"],"name":"事项创建人"}', NULL);
INSERT INTO pcs_flc_transition_rule_config (id, rule_id, rule_type, config_type, config_value, determine) VALUES ('fa8403e32704', 'ae3d9991606b', 'distributionWork', 'user', '{"roleIds":["WORK_ITEM_CREATOR"],"name":"事项创建人"}', NULL);
INSERT INTO pcs_flc_transition_rule_config (id, rule_id, rule_type, config_type, config_value, determine) VALUES ('6c7c4021980e', '1b6bb79d1bc2', 'distributionWork', 'user', '{"roleIds":["WORK_ITEM_CREATOR"],"name":"事项创建人"}', NULL);
INSERT INTO pcs_flc_transition_rule_config (id, rule_id, rule_type, config_type, config_value, determine) VALUES ('2cad18a6ade9', 'efba527c5814', 'distributionWork', 'user', '{"roleIds":["WORK_ITEM_CREATOR"],"name":"事项创建人"}', NULL);
INSERT INTO pcs_flc_transition_rule_config (id, rule_id, rule_type, config_type, config_value, determine) VALUES ('7faf63edd713', '8d430962e11c', 'distributionWork', 'user', '{"roleIds":["WORK_ITEM_CREATOR"],"name":"事项创建人"}', NULL);
INSERT INTO pcs_flc_transition_rule_config (id, rule_id, rule_type, config_type, config_value, determine) VALUES ('d94b65019cf1', 'a05da415b35b', 'distributionWork', 'user', '{"roleIds":["WORK_ITEM_CREATOR"],"name":"事项创建人"}', NULL);
INSERT INTO pcs_flc_transition_rule_config (id, rule_id, rule_type, config_type, config_value, determine) VALUES ('d7426e316adb', 'f8e800dd725c', 'distributionWork', 'user', '{"roleIds":["WORK_ITEM_CREATOR"],"name":"事项创建人"}', NULL);




--INSERT INTO "public"."pcs_flc_transition_rule" ("id", "name", "flow_id", "transition_id", "rule_type", "create_user_id", "allocation_user_id", "user_type") VALUES ('04e7684bb614', '限制转换人员', 'a96cf9c9', 'a740a20a', 'limitUser', '111111', NULL, NULL);
--INSERT INTO "public"."pcs_flc_transition_rule" ("id", "name", "flow_id", "transition_id", "rule_type", "create_user_id", "allocation_user_id", "user_type") VALUES ('066fb9811b09', '限制转换人员', '4d040c6d', 'a1d2a0db', 'limitUser', '111111', NULL, NULL);
--INSERT INTO "public"."pcs_flc_transition_rule" ("id", "name", "flow_id", "transition_id", "rule_type", "create_user_id", "allocation_user_id", "user_type") VALUES ('0f486e42ccec', '限制转换人员', '3d879830', '4c4b740c', 'limitUser', '111111', NULL, NULL);
--INSERT INTO "public"."pcs_flc_transition_rule" ("id", "name", "flow_id", "transition_id", "rule_type", "create_user_id", "allocation_user_id", "user_type") VALUES ('17956d49e2a4', '限制转换人员', 'a96cf9c9', '0e53ba67', 'limitUser', '111111', NULL, NULL);
--INSERT INTO "public"."pcs_flc_transition_rule" ("id", "name", "flow_id", "transition_id", "rule_type", "create_user_id", "allocation_user_id", "user_type") VALUES ('1aa780640134', '限制转换人员', '34d7bf2c', '58335cef', 'limitUser', '111111', NULL, NULL);
--INSERT INTO "public"."pcs_flc_transition_rule" ("id", "name", "flow_id", "transition_id", "rule_type", "create_user_id", "allocation_user_id", "user_type") VALUES ('1b6bb79d1bc2', '分配事项', '4d040c6d', 'b7f6835a', 'distributionWork', '111111', NULL, NULL);
--INSERT INTO "public"."pcs_flc_transition_rule" ("id", "name", "flow_id", "transition_id", "rule_type", "create_user_id", "allocation_user_id", "user_type") VALUES ('20746e2a6aa6', '限制转换人员', 'b1c53a54', 'ed662ec5', 'limitUser', '111111', NULL, NULL);
--INSERT INTO "public"."pcs_flc_transition_rule" ("id", "name", "flow_id", "transition_id", "rule_type", "create_user_id", "allocation_user_id", "user_type") VALUES ('21d363a92ba4', '限制转换人员', '4d040c6d', 'b7f6835a', 'limitUser', '111111', NULL, NULL);
--INSERT INTO "public"."pcs_flc_transition_rule" ("id", "name", "flow_id", "transition_id", "rule_type", "create_user_id", "allocation_user_id", "user_type") VALUES ('2506106b45e5', '限制转换人员', '34d7bf2c', '40207997', 'limitUser', '111111', NULL, NULL);
--INSERT INTO "public"."pcs_flc_transition_rule" ("id", "name", "flow_id", "transition_id", "rule_type", "create_user_id", "allocation_user_id", "user_type") VALUES ('256a67f6c8cf', '限制转换人员', '3d879830', '4299eb2a', 'limitUser', '111111', NULL, NULL);
--INSERT INTO "public"."pcs_flc_transition_rule" ("id", "name", "flow_id", "transition_id", "rule_type", "create_user_id", "allocation_user_id", "user_type") VALUES ('28b71379ed62', '限制转换人员', '34d7bf2c', '32e622ba', 'limitUser', '111111', NULL, NULL);
--INSERT INTO "public"."pcs_flc_transition_rule" ("id", "name", "flow_id", "transition_id", "rule_type", "create_user_id", "allocation_user_id", "user_type") VALUES ('2eb1b8a3d380', '限制转换人员', '9e7f5ea4', 'd2ed7b69', 'limitUser', '111111', NULL, NULL);
--INSERT INTO "public"."pcs_flc_transition_rule" ("id", "name", "flow_id", "transition_id", "rule_type", "create_user_id", "allocation_user_id", "user_type") VALUES ('313605058dbe', '限制转换人员', '4d040c6d', '4c76d0bc', 'limitUser', '111111', NULL, NULL);
--INSERT INTO "public"."pcs_flc_transition_rule" ("id", "name", "flow_id", "transition_id", "rule_type", "create_user_id", "allocation_user_id", "user_type") VALUES ('334c885242e6', '限制转换人员', '6fef9d3d', '8470caf1', 'limitUser', '111111', NULL, NULL);
--INSERT INTO "public"."pcs_flc_transition_rule" ("id", "name", "flow_id", "transition_id", "rule_type", "create_user_id", "allocation_user_id", "user_type") VALUES ('365505789b1c', '分配事项', 'a96cf9c9', 'a740a20a', 'distributionWork', '111111', NULL, NULL);
--INSERT INTO "public"."pcs_flc_transition_rule" ("id", "name", "flow_id", "transition_id", "rule_type", "create_user_id", "allocation_user_id", "user_type") VALUES ('3803fe5923c9', '限制转换人员', '9e7f5ea4', 'bf27be52', 'limitUser', '111111', NULL, NULL);
--INSERT INTO "public"."pcs_flc_transition_rule" ("id", "name", "flow_id", "transition_id", "rule_type", "create_user_id", "allocation_user_id", "user_type") VALUES ('3d160667b480', '限制转换人员', '3b0fc788', 'fa0e9512', 'limitUser', '111111', NULL, NULL);
--INSERT INTO "public"."pcs_flc_transition_rule" ("id", "name", "flow_id", "transition_id", "rule_type", "create_user_id", "allocation_user_id", "user_type") VALUES ('43c5bade5314', '限制转换人员', 'a96cf9c9', '1f615d78', 'limitUser', '111111', NULL, NULL);
--INSERT INTO "public"."pcs_flc_transition_rule" ("id", "name", "flow_id", "transition_id", "rule_type", "create_user_id", "allocation_user_id", "user_type") VALUES ('43d0429a7fb5', '限制转换人员', '5b1c9c40', '8c663907', 'limitUser', '111111', NULL, NULL);
--INSERT INTO "public"."pcs_flc_transition_rule" ("id", "name", "flow_id", "transition_id", "rule_type", "create_user_id", "allocation_user_id", "user_type") VALUES ('464f0cd51efa', '限制转换人员', '9e7f5ea4', 'df7be542', 'limitUser', '111111', NULL, NULL);
--INSERT INTO "public"."pcs_flc_transition_rule" ("id", "name", "flow_id", "transition_id", "rule_type", "create_user_id", "allocation_user_id", "user_type") VALUES ('482cf24e1c56', '限制转换人员', '34d7bf2c', 'c81c750f', 'limitUser', '111111', NULL, NULL);
--INSERT INTO "public"."pcs_flc_transition_rule" ("id", "name", "flow_id", "transition_id", "rule_type", "create_user_id", "allocation_user_id", "user_type") VALUES ('5049494052c8', '限制转换人员', 'b1c53a54', '2fd6c308', 'limitUser', '111111', NULL, NULL);
--INSERT INTO "public"."pcs_flc_transition_rule" ("id", "name", "flow_id", "transition_id", "rule_type", "create_user_id", "allocation_user_id", "user_type") VALUES ('55724034f6ae', '限制转换人员', '3b0fc788', '32269796', 'limitUser', '111111', NULL, NULL);
--INSERT INTO "public"."pcs_flc_transition_rule" ("id", "name", "flow_id", "transition_id", "rule_type", "create_user_id", "allocation_user_id", "user_type") VALUES ('5615c50e1806', '限制转换人员', 'a96cf9c9', 'e1511ba5', 'limitUser', '111111', NULL, NULL);
--INSERT INTO "public"."pcs_flc_transition_rule" ("id", "name", "flow_id", "transition_id", "rule_type", "create_user_id", "allocation_user_id", "user_type") VALUES ('615783f2cc2f', '限制转换人员', 'b1c53a54', '0dce550c', 'limitUser', '111111', NULL, NULL);
--INSERT INTO "public"."pcs_flc_transition_rule" ("id", "name", "flow_id", "transition_id", "rule_type", "create_user_id", "allocation_user_id", "user_type") VALUES ('65c2f1fa2a65', '限制转换人员', '6fef9d3d', '0915c113', 'limitUser', '111111', NULL, NULL);
--INSERT INTO "public"."pcs_flc_transition_rule" ("id", "name", "flow_id", "transition_id", "rule_type", "create_user_id", "allocation_user_id", "user_type") VALUES ('666b312fca34', '限制转换人员', '3b0fc788', 'f8153fd3', 'limitUser', '111111', NULL, NULL);
--INSERT INTO "public"."pcs_flc_transition_rule" ("id", "name", "flow_id", "transition_id", "rule_type", "create_user_id", "allocation_user_id", "user_type") VALUES ('6decf735a66c', '限制转换人员', '4d040c6d', '8cdca0f0', 'limitUser', '111111', NULL, NULL);
--INSERT INTO "public"."pcs_flc_transition_rule" ("id", "name", "flow_id", "transition_id", "rule_type", "create_user_id", "allocation_user_id", "user_type") VALUES ('7c0a74ab4336', '限制转换人员', '5b1c9c40', 'dea6e310', 'limitUser', '111111', NULL, NULL);
--INSERT INTO "public"."pcs_flc_transition_rule" ("id", "name", "flow_id", "transition_id", "rule_type", "create_user_id", "allocation_user_id", "user_type") VALUES ('811bf9c17484', '分配事项', '3b0fc788', 'fa0e9512', 'distributionWork', '111111', NULL, NULL);
--INSERT INTO "public"."pcs_flc_transition_rule" ("id", "name", "flow_id", "transition_id", "rule_type", "create_user_id", "allocation_user_id", "user_type") VALUES ('82db00120537', '限制转换人员', 'b1c53a54', '7729d700', 'limitUser', '111111', NULL, NULL);
--INSERT INTO "public"."pcs_flc_transition_rule" ("id", "name", "flow_id", "transition_id", "rule_type", "create_user_id", "allocation_user_id", "user_type") VALUES ('8754dd92a535', '限制转换人员', 'b1c53a54', '0ceb9de5', 'limitUser', '111111', NULL, NULL);
--INSERT INTO "public"."pcs_flc_transition_rule" ("id", "name", "flow_id", "transition_id", "rule_type", "create_user_id", "allocation_user_id", "user_type") VALUES ('87cc8ed4306a', '限制转换人员', 'b1c53a54', 'f5e1da01', 'limitUser', '111111', NULL, NULL);
--INSERT INTO "public"."pcs_flc_transition_rule" ("id", "name", "flow_id", "transition_id", "rule_type", "create_user_id", "allocation_user_id", "user_type") VALUES ('881d5a799175', '限制转换人员', '5b1c9c40', '83c62768', 'limitUser', '111111', NULL, NULL);
--INSERT INTO "public"."pcs_flc_transition_rule" ("id", "name", "flow_id", "transition_id", "rule_type", "create_user_id", "allocation_user_id", "user_type") VALUES ('8be954bbf0e8', '限制转换人员', '5b1c9c40', 'd5318c6b', 'limitUser', '111111', NULL, NULL);
--INSERT INTO "public"."pcs_flc_transition_rule" ("id", "name", "flow_id", "transition_id", "rule_type", "create_user_id", "allocation_user_id", "user_type") VALUES ('8d1cf8f60aa2', '限制转换人员', 'a96cf9c9', 'b663d06b', 'limitUser', '111111', NULL, NULL);
--INSERT INTO "public"."pcs_flc_transition_rule" ("id", "name", "flow_id", "transition_id", "rule_type", "create_user_id", "allocation_user_id", "user_type") VALUES ('8d430962e11c', '分配事项', '9e7f5ea4', 'd1c71995', 'distributionWork', '111111', NULL, NULL);
--INSERT INTO "public"."pcs_flc_transition_rule" ("id", "name", "flow_id", "transition_id", "rule_type", "create_user_id", "allocation_user_id", "user_type") VALUES ('957d51c220ef', '限制转换人员', '5b1c9c40', '6fc9b511', 'limitUser', '111111', NULL, NULL);
--INSERT INTO "public"."pcs_flc_transition_rule" ("id", "name", "flow_id", "transition_id", "rule_type", "create_user_id", "allocation_user_id", "user_type") VALUES ('99345915f67a', '限制转换人员', '5b1c9c40', '1c11df10', 'limitUser', '111111', NULL, NULL);
--INSERT INTO "public"."pcs_flc_transition_rule" ("id", "name", "flow_id", "transition_id", "rule_type", "create_user_id", "allocation_user_id", "user_type") VALUES ('9dda4af70d45', '限制转换人员', '9e7f5ea4', 'd1c71995', 'limitUser', '111111', NULL, NULL);
--INSERT INTO "public"."pcs_flc_transition_rule" ("id", "name", "flow_id", "transition_id", "rule_type", "create_user_id", "allocation_user_id", "user_type") VALUES ('9f597ef866dd', '限制转换人员', 'b1c53a54', 'ab9ac550', 'limitUser', '111111', NULL, NULL);
--INSERT INTO "public"."pcs_flc_transition_rule" ("id", "name", "flow_id", "transition_id", "rule_type", "create_user_id", "allocation_user_id", "user_type") VALUES ('a00586d13150', '限制转换人员', '6fef9d3d', '8e648e37', 'limitUser', '111111', NULL, NULL);
--INSERT INTO "public"."pcs_flc_transition_rule" ("id", "name", "flow_id", "transition_id", "rule_type", "create_user_id", "allocation_user_id", "user_type") VALUES ('a01ebd0631c4', '限制转换人员', '3d879830', 'f8b579a6', 'limitUser', '111111', NULL, NULL);
--INSERT INTO "public"."pcs_flc_transition_rule" ("id", "name", "flow_id", "transition_id", "rule_type", "create_user_id", "allocation_user_id", "user_type") VALUES ('a05da415b35b', '分配事项', '3d879830', 'c7dc729b', 'distributionWork', '111111', NULL, NULL);
--INSERT INTO "public"."pcs_flc_transition_rule" ("id", "name", "flow_id", "transition_id", "rule_type", "create_user_id", "allocation_user_id", "user_type") VALUES ('ae3d9991606b', '分配事项', '34d7bf2c', '85f28f02', 'distributionWork', '111111', NULL, NULL);
--INSERT INTO "public"."pcs_flc_transition_rule" ("id", "name", "flow_id", "transition_id", "rule_type", "create_user_id", "allocation_user_id", "user_type") VALUES ('b1565377def7', '限制转换人员', '34d7bf2c', '41f40be6', 'limitUser', '111111', NULL, NULL);
--INSERT INTO "public"."pcs_flc_transition_rule" ("id", "name", "flow_id", "transition_id", "rule_type", "create_user_id", "allocation_user_id", "user_type") VALUES ('b89240f228ed', '限制转换人员', '3d879830', '96d5afe5', 'limitUser', '111111', NULL, NULL);
--INSERT INTO "public"."pcs_flc_transition_rule" ("id", "name", "flow_id", "transition_id", "rule_type", "create_user_id", "allocation_user_id", "user_type") VALUES ('bd2685d48a8c', '限制转换人员', '4d040c6d', 'c6e57d8c', 'limitUser', '111111', NULL, NULL);
--INSERT INTO "public"."pcs_flc_transition_rule" ("id", "name", "flow_id", "transition_id", "rule_type", "create_user_id", "allocation_user_id", "user_type") VALUES ('c14c662bee15', '限制转换人员', '6fef9d3d', 'd2c91277', 'limitUser', '111111', NULL, NULL);
--INSERT INTO "public"."pcs_flc_transition_rule" ("id", "name", "flow_id", "transition_id", "rule_type", "create_user_id", "allocation_user_id", "user_type") VALUES ('c4c8b9381f32', '限制转换人员', '9e7f5ea4', '072e5b09', 'limitUser', '111111', NULL, NULL);
--INSERT INTO "public"."pcs_flc_transition_rule" ("id", "name", "flow_id", "transition_id", "rule_type", "create_user_id", "allocation_user_id", "user_type") VALUES ('d00fac6d5d97', '限制转换人员', '9e7f5ea4', '13ea2d0c', 'limitUser', '111111', NULL, NULL);
--INSERT INTO "public"."pcs_flc_transition_rule" ("id", "name", "flow_id", "transition_id", "rule_type", "create_user_id", "allocation_user_id", "user_type") VALUES ('d118b0d2f269', '限制转换人员', 'a96cf9c9', '3ca92376', 'limitUser', '111111', NULL, NULL);
--INSERT INTO "public"."pcs_flc_transition_rule" ("id", "name", "flow_id", "transition_id", "rule_type", "create_user_id", "allocation_user_id", "user_type") VALUES ('d17a6aa174aa', '限制转换人员', '6fef9d3d', '283c4015', 'limitUser', '111111', NULL, NULL);
--INSERT INTO "public"."pcs_flc_transition_rule" ("id", "name", "flow_id", "transition_id", "rule_type", "create_user_id", "allocation_user_id", "user_type") VALUES ('d7aea1312d90', '限制转换人员', '3b0fc788', 'd85ecdad', 'limitUser', '111111', NULL, NULL);
--INSERT INTO "public"."pcs_flc_transition_rule" ("id", "name", "flow_id", "transition_id", "rule_type", "create_user_id", "allocation_user_id", "user_type") VALUES ('d9a75477925d', '限制转换人员', 'a96cf9c9', 'c8e809d2', 'limitUser', '111111', NULL, NULL);
--INSERT INTO "public"."pcs_flc_transition_rule" ("id", "name", "flow_id", "transition_id", "rule_type", "create_user_id", "allocation_user_id", "user_type") VALUES ('da9e280a1226', '限制转换人员', '4d040c6d', '36b0afc7', 'limitUser', '111111', NULL, NULL);
--INSERT INTO "public"."pcs_flc_transition_rule" ("id", "name", "flow_id", "transition_id", "rule_type", "create_user_id", "allocation_user_id", "user_type") VALUES ('dbcec9671969', '分配事项', '5b1c9c40', '8c663907', 'distributionWork', '111111', NULL, NULL);
--INSERT INTO "public"."pcs_flc_transition_rule" ("id", "name", "flow_id", "transition_id", "rule_type", "create_user_id", "allocation_user_id", "user_type") VALUES ('dcead1f71e00', '限制转换人员', '34d7bf2c', '62de0fb9', 'limitUser', '111111', NULL, NULL);
--INSERT INTO "public"."pcs_flc_transition_rule" ("id", "name", "flow_id", "transition_id", "rule_type", "create_user_id", "allocation_user_id", "user_type") VALUES ('e1331f7dd3d5', '限制转换人员', '6fef9d3d', '2610ff59', 'limitUser', '111111', NULL, NULL);
--INSERT INTO "public"."pcs_flc_transition_rule" ("id", "name", "flow_id", "transition_id", "rule_type", "create_user_id", "allocation_user_id", "user_type") VALUES ('e492bd6c1ad0', '限制转换人员', '4d040c6d', '4aaaa30b', 'limitUser', '111111', NULL, NULL);
--INSERT INTO "public"."pcs_flc_transition_rule" ("id", "name", "flow_id", "transition_id", "rule_type", "create_user_id", "allocation_user_id", "user_type") VALUES ('e7b095c41444', '限制转换人员', '34d7bf2c', '85f28f02', 'limitUser', '111111', NULL, NULL);
--INSERT INTO "public"."pcs_flc_transition_rule" ("id", "name", "flow_id", "transition_id", "rule_type", "create_user_id", "allocation_user_id", "user_type") VALUES ('e8f2f11c971f', '限制转换人员', '3d879830', '179df45b', 'limitUser', '111111', NULL, NULL);
--INSERT INTO "public"."pcs_flc_transition_rule" ("id", "name", "flow_id", "transition_id", "rule_type", "create_user_id", "allocation_user_id", "user_type") VALUES ('eacf3b024fc2', '限制转换人员', '3b0fc788', '28ee42da', 'limitUser', '111111', NULL, NULL);
--INSERT INTO "public"."pcs_flc_transition_rule" ("id", "name", "flow_id", "transition_id", "rule_type", "create_user_id", "allocation_user_id", "user_type") VALUES ('efba527c5814', '分配事项', '6fef9d3d', '1963c8b8', 'distributionWork', '111111', NULL, NULL);
--INSERT INTO "public"."pcs_flc_transition_rule" ("id", "name", "flow_id", "transition_id", "rule_type", "create_user_id", "allocation_user_id", "user_type") VALUES ('f41bdbd63991', '限制转换人员', '3d879830', '775cc3f2', 'limitUser', '111111', NULL, NULL);
--INSERT INTO "public"."pcs_flc_transition_rule" ("id", "name", "flow_id", "transition_id", "rule_type", "create_user_id", "allocation_user_id", "user_type") VALUES ('f526edfdf65d', '限制转换人员', '3b0fc788', '9df888ef', 'limitUser', '111111', NULL, NULL);
--INSERT INTO "public"."pcs_flc_transition_rule" ("id", "name", "flow_id", "transition_id", "rule_type", "create_user_id", "allocation_user_id", "user_type") VALUES ('f5e61b2b6b73', '限制转换人员', '3b0fc788', '35c28073', 'limitUser', '111111', NULL, NULL);
--INSERT INTO "public"."pcs_flc_transition_rule" ("id", "name", "flow_id", "transition_id", "rule_type", "create_user_id", "allocation_user_id", "user_type") VALUES ('f68da26ce73d', '限制转换人员', '3d879830', 'c7dc729b', 'limitUser', '111111', NULL, NULL);
--INSERT INTO "public"."pcs_flc_transition_rule" ("id", "name", "flow_id", "transition_id", "rule_type", "create_user_id", "allocation_user_id", "user_type") VALUES ('f68ea560af4d', '限制转换人员', '6fef9d3d', '1963c8b8', 'limitUser', '111111', NULL, NULL);
--INSERT INTO "public"."pcs_flc_transition_rule" ("id", "name", "flow_id", "transition_id", "rule_type", "create_user_id", "allocation_user_id", "user_type") VALUES ('f8e800dd725c', '分配事项', 'b1c53a54', '0dce550c', 'distributionWork', '111111', NULL, NULL);
--INSERT INTO "public"."pcs_flc_transition_rule" ("id", "name", "flow_id", "transition_id", "rule_type", "create_user_id", "allocation_user_id", "user_type") VALUES ('f8eb9c2446c4', '限制转换人员', '9e7f5ea4', 'f1cb8e0c', 'limitUser', '111111', NULL, NULL);
--INSERT INTO "public"."pcs_flc_transition_rule" ("id", "name", "flow_id", "transition_id", "rule_type", "create_user_id", "allocation_user_id", "user_type") VALUES ('f97102c03a80', '限制转换人员', '5b1c9c40', 'bb592688', 'limitUser', '111111', NULL, NULL);



INSERT INTO pcs_flc_transition_rule (id, name, flow_id, transition_id, rule_type, create_user_id, allocation_user_id, user_type) VALUES ('f68da26ce73d', '限制转换人员', '3d879830', 'c7dc729b', 'limitUser', '111111', NULL, NULL);
INSERT INTO pcs_flc_transition_rule (id, name, flow_id, transition_id, rule_type, create_user_id, allocation_user_id, user_type) VALUES ('a01ebd0631c4', '限制转换人员', '3d879830', 'f8b579a6', 'limitUser', '111111', NULL, NULL);
INSERT INTO pcs_flc_transition_rule (id, name, flow_id, transition_id, rule_type, create_user_id, allocation_user_id, user_type) VALUES ('0f486e42ccec', '限制转换人员', '3d879830', '4c4b740c', 'limitUser', '111111', NULL, NULL);
INSERT INTO pcs_flc_transition_rule (id, name, flow_id, transition_id, rule_type, create_user_id, allocation_user_id, user_type) VALUES ('e8f2f11c971f', '限制转换人员', '3d879830', '179df45b', 'limitUser', '111111', NULL, NULL);
INSERT INTO pcs_flc_transition_rule (id, name, flow_id, transition_id, rule_type, create_user_id, allocation_user_id, user_type) VALUES ('256a67f6c8cf', '限制转换人员', '3d879830', '4299eb2a', 'limitUser', '111111', NULL, NULL);
INSERT INTO pcs_flc_transition_rule (id, name, flow_id, transition_id, rule_type, create_user_id, allocation_user_id, user_type) VALUES ('f41bdbd63991', '限制转换人员', '3d879830', '775cc3f2', 'limitUser', '111111', NULL, NULL);
INSERT INTO pcs_flc_transition_rule (id, name, flow_id, transition_id, rule_type, create_user_id, allocation_user_id, user_type) VALUES ('b89240f228ed', '限制转换人员', '3d879830', '96d5afe5', 'limitUser', '111111', NULL, NULL);
INSERT INTO pcs_flc_transition_rule (id, name, flow_id, transition_id, rule_type, create_user_id, allocation_user_id, user_type) VALUES ('a05da415b35b', '分配事项', '3d879830', 'c7dc729b', 'distributionWork', '111111', NULL, NULL);
INSERT INTO pcs_flc_transition_rule (id, name, flow_id, transition_id, rule_type, create_user_id, allocation_user_id, user_type) VALUES ('1b6bb79d1bc2', '分配事项', '4d040c6d', 'b7f6835a', 'distributionWork', '111111', NULL, NULL);
INSERT INTO pcs_flc_transition_rule (id, name, flow_id, transition_id, rule_type, create_user_id, allocation_user_id, user_type) VALUES ('e492bd6c1ad0', '限制转换人员', '4d040c6d', '4aaaa30b', 'limitUser', '111111', NULL, NULL);
INSERT INTO pcs_flc_transition_rule (id, name, flow_id, transition_id, rule_type, create_user_id, allocation_user_id, user_type) VALUES ('21d363a92ba4', '限制转换人员', '4d040c6d', 'b7f6835a', 'limitUser', '111111', NULL, NULL);
INSERT INTO pcs_flc_transition_rule (id, name, flow_id, transition_id, rule_type, create_user_id, allocation_user_id, user_type) VALUES ('da9e280a1226', '限制转换人员', '4d040c6d', '36b0afc7', 'limitUser', '111111', NULL, NULL);
INSERT INTO pcs_flc_transition_rule (id, name, flow_id, transition_id, rule_type, create_user_id, allocation_user_id, user_type) VALUES ('bd2685d48a8c', '限制转换人员', '4d040c6d', 'c6e57d8c', 'limitUser', '111111', NULL, NULL);
INSERT INTO pcs_flc_transition_rule (id, name, flow_id, transition_id, rule_type, create_user_id, allocation_user_id, user_type) VALUES ('6decf735a66c', '限制转换人员', '4d040c6d', '8cdca0f0', 'limitUser', '111111', NULL, NULL);
INSERT INTO pcs_flc_transition_rule (id, name, flow_id, transition_id, rule_type, create_user_id, allocation_user_id, user_type) VALUES ('313605058dbe', '限制转换人员', '4d040c6d', '4c76d0bc', 'limitUser', '111111', NULL, NULL);
INSERT INTO pcs_flc_transition_rule (id, name, flow_id, transition_id, rule_type, create_user_id, allocation_user_id, user_type) VALUES ('066fb9811b09', '限制转换人员', '4d040c6d', 'a1d2a0db', 'limitUser', '111111', NULL, NULL);
INSERT INTO pcs_flc_transition_rule (id, name, flow_id, transition_id, rule_type, create_user_id, allocation_user_id, user_type) VALUES ('43c5bade5314', '限制转换人员', 'a96cf9c9', '1f615d78', 'limitUser', '111111', NULL, NULL);
INSERT INTO pcs_flc_transition_rule (id, name, flow_id, transition_id, rule_type, create_user_id, allocation_user_id, user_type) VALUES ('17956d49e2a4', '限制转换人员', 'a96cf9c9', '0e53ba67', 'limitUser', '111111', NULL, NULL);
INSERT INTO pcs_flc_transition_rule (id, name, flow_id, transition_id, rule_type, create_user_id, allocation_user_id, user_type) VALUES ('5615c50e1806', '限制转换人员', 'a96cf9c9', 'e1511ba5', 'limitUser', '111111', NULL, NULL);
INSERT INTO pcs_flc_transition_rule (id, name, flow_id, transition_id, rule_type, create_user_id, allocation_user_id, user_type) VALUES ('d9a75477925d', '限制转换人员', 'a96cf9c9', 'c8e809d2', 'limitUser', '111111', NULL, NULL);
INSERT INTO pcs_flc_transition_rule (id, name, flow_id, transition_id, rule_type, create_user_id, allocation_user_id, user_type) VALUES ('365505789b1c', '分配事项', 'a96cf9c9', 'a740a20a', 'distributionWork', '111111', NULL, NULL);
INSERT INTO pcs_flc_transition_rule (id, name, flow_id, transition_id, rule_type, create_user_id, allocation_user_id, user_type) VALUES ('04e7684bb614', '限制转换人员', 'a96cf9c9', 'a740a20a', 'limitUser', '111111', NULL, NULL);
INSERT INTO pcs_flc_transition_rule (id, name, flow_id, transition_id, rule_type, create_user_id, allocation_user_id, user_type) VALUES ('d118b0d2f269', '限制转换人员', 'a96cf9c9', '3ca92376', 'limitUser', '111111', NULL, NULL);
INSERT INTO pcs_flc_transition_rule (id, name, flow_id, transition_id, rule_type, create_user_id, allocation_user_id, user_type) VALUES ('8d1cf8f60aa2', '限制转换人员', 'a96cf9c9', 'b663d06b', 'limitUser', '111111', NULL, NULL);
INSERT INTO pcs_flc_transition_rule (id, name, flow_id, transition_id, rule_type, create_user_id, allocation_user_id, user_type) VALUES ('efba527c5814', '分配事项', '6fef9d3d', '1963c8b8', 'distributionWork', '111111', NULL, NULL);
INSERT INTO pcs_flc_transition_rule (id, name, flow_id, transition_id, rule_type, create_user_id, allocation_user_id, user_type) VALUES ('f68ea560af4d', '限制转换人员', '6fef9d3d', '1963c8b8', 'limitUser', '111111', NULL, NULL);
INSERT INTO pcs_flc_transition_rule (id, name, flow_id, transition_id, rule_type, create_user_id, allocation_user_id, user_type) VALUES ('d17a6aa174aa', '限制转换人员', '6fef9d3d', '283c4015', 'limitUser', '111111', NULL, NULL);
INSERT INTO pcs_flc_transition_rule (id, name, flow_id, transition_id, rule_type, create_user_id, allocation_user_id, user_type) VALUES ('c14c662bee15', '限制转换人员', '6fef9d3d', 'd2c91277', 'limitUser', '111111', NULL, NULL);
INSERT INTO pcs_flc_transition_rule (id, name, flow_id, transition_id, rule_type, create_user_id, allocation_user_id, user_type) VALUES ('334c885242e6', '限制转换人员', '6fef9d3d', '8470caf1', 'limitUser', '111111', NULL, NULL);
INSERT INTO pcs_flc_transition_rule (id, name, flow_id, transition_id, rule_type, create_user_id, allocation_user_id, user_type) VALUES ('a00586d13150', '限制转换人员', '6fef9d3d', '8e648e37', 'limitUser', '111111', NULL, NULL);
INSERT INTO pcs_flc_transition_rule (id, name, flow_id, transition_id, rule_type, create_user_id, allocation_user_id, user_type) VALUES ('65c2f1fa2a65', '限制转换人员', '6fef9d3d', '0915c113', 'limitUser', '111111', NULL, NULL);
INSERT INTO pcs_flc_transition_rule (id, name, flow_id, transition_id, rule_type, create_user_id, allocation_user_id, user_type) VALUES ('e1331f7dd3d5', '限制转换人员', '6fef9d3d', '2610ff59', 'limitUser', '111111', NULL, NULL);
INSERT INTO pcs_flc_transition_rule (id, name, flow_id, transition_id, rule_type, create_user_id, allocation_user_id, user_type) VALUES ('8be954bbf0e8', '限制转换人员', '5b1c9c40', 'd5318c6b', 'limitUser', '111111', NULL, NULL);
INSERT INTO pcs_flc_transition_rule (id, name, flow_id, transition_id, rule_type, create_user_id, allocation_user_id, user_type) VALUES ('43d0429a7fb5', '限制转换人员', '5b1c9c40', '8c663907', 'limitUser', '111111', NULL, NULL);
INSERT INTO pcs_flc_transition_rule (id, name, flow_id, transition_id, rule_type, create_user_id, allocation_user_id, user_type) VALUES ('dbcec9671969', '分配事项', '5b1c9c40', '8c663907', 'distributionWork', '111111', NULL, NULL);
INSERT INTO pcs_flc_transition_rule (id, name, flow_id, transition_id, rule_type, create_user_id, allocation_user_id, user_type) VALUES ('881d5a799175', '限制转换人员', '5b1c9c40', '83c62768', 'limitUser', '111111', NULL, NULL);
INSERT INTO pcs_flc_transition_rule (id, name, flow_id, transition_id, rule_type, create_user_id, allocation_user_id, user_type) VALUES ('99345915f67a', '限制转换人员', '5b1c9c40', '1c11df10', 'limitUser', '111111', NULL, NULL);
INSERT INTO pcs_flc_transition_rule (id, name, flow_id, transition_id, rule_type, create_user_id, allocation_user_id, user_type) VALUES ('957d51c220ef', '限制转换人员', '5b1c9c40', '6fc9b511', 'limitUser', '111111', NULL, NULL);
INSERT INTO pcs_flc_transition_rule (id, name, flow_id, transition_id, rule_type, create_user_id, allocation_user_id, user_type) VALUES ('7c0a74ab4336', '限制转换人员', '5b1c9c40', 'dea6e310', 'limitUser', '111111', NULL, NULL);
INSERT INTO pcs_flc_transition_rule (id, name, flow_id, transition_id, rule_type, create_user_id, allocation_user_id, user_type) VALUES ('f97102c03a80', '限制转换人员', '5b1c9c40', 'bb592688', 'limitUser', '111111', NULL, NULL);
INSERT INTO pcs_flc_transition_rule (id, name, flow_id, transition_id, rule_type, create_user_id, allocation_user_id, user_type) VALUES ('464f0cd51efa', '限制转换人员', '9e7f5ea4', 'df7be542', 'limitUser', '111111', NULL, NULL);
INSERT INTO pcs_flc_transition_rule (id, name, flow_id, transition_id, rule_type, create_user_id, allocation_user_id, user_type) VALUES ('9dda4af70d45', '限制转换人员', '9e7f5ea4', 'd1c71995', 'limitUser', '111111', NULL, NULL);
INSERT INTO pcs_flc_transition_rule (id, name, flow_id, transition_id, rule_type, create_user_id, allocation_user_id, user_type) VALUES ('8d430962e11c', '分配事项', '9e7f5ea4', 'd1c71995', 'distributionWork', '111111', NULL, NULL);
INSERT INTO pcs_flc_transition_rule (id, name, flow_id, transition_id, rule_type, create_user_id, allocation_user_id, user_type) VALUES ('2eb1b8a3d380', '限制转换人员', '9e7f5ea4', 'd2ed7b69', 'limitUser', '111111', NULL, NULL);
INSERT INTO pcs_flc_transition_rule (id, name, flow_id, transition_id, rule_type, create_user_id, allocation_user_id, user_type) VALUES ('f8eb9c2446c4', '限制转换人员', '9e7f5ea4', 'f1cb8e0c', 'limitUser', '111111', NULL, NULL);
INSERT INTO pcs_flc_transition_rule (id, name, flow_id, transition_id, rule_type, create_user_id, allocation_user_id, user_type) VALUES ('d00fac6d5d97', '限制转换人员', '9e7f5ea4', '13ea2d0c', 'limitUser', '111111', NULL, NULL);
INSERT INTO pcs_flc_transition_rule (id, name, flow_id, transition_id, rule_type, create_user_id, allocation_user_id, user_type) VALUES ('c4c8b9381f32', '限制转换人员', '9e7f5ea4', '072e5b09', 'limitUser', '111111', NULL, NULL);
INSERT INTO pcs_flc_transition_rule (id, name, flow_id, transition_id, rule_type, create_user_id, allocation_user_id, user_type) VALUES ('3803fe5923c9', '限制转换人员', '9e7f5ea4', 'bf27be52', 'limitUser', '111111', NULL, NULL);
INSERT INTO pcs_flc_transition_rule (id, name, flow_id, transition_id, rule_type, create_user_id, allocation_user_id, user_type) VALUES ('f8e800dd725c', '分配事项', 'b1c53a54', '0dce550c', 'distributionWork', '111111', NULL, NULL);
INSERT INTO pcs_flc_transition_rule (id, name, flow_id, transition_id, rule_type, create_user_id, allocation_user_id, user_type) VALUES ('615783f2cc2f', '限制转换人员', 'b1c53a54', '0dce550c', 'limitUser', '111111', NULL, NULL);
INSERT INTO pcs_flc_transition_rule (id, name, flow_id, transition_id, rule_type, create_user_id, allocation_user_id, user_type) VALUES ('9f597ef866dd', '限制转换人员', 'b1c53a54', 'ab9ac550', 'limitUser', '111111', NULL, NULL);
INSERT INTO pcs_flc_transition_rule (id, name, flow_id, transition_id, rule_type, create_user_id, allocation_user_id, user_type) VALUES ('5049494052c8', '限制转换人员', 'b1c53a54', '2fd6c308', 'limitUser', '111111', NULL, NULL);
INSERT INTO pcs_flc_transition_rule (id, name, flow_id, transition_id, rule_type, create_user_id, allocation_user_id, user_type) VALUES ('82db00120537', '限制转换人员', 'b1c53a54', '7729d700', 'limitUser', '111111', NULL, NULL);
INSERT INTO pcs_flc_transition_rule (id, name, flow_id, transition_id, rule_type, create_user_id, allocation_user_id, user_type) VALUES ('87cc8ed4306a', '限制转换人员', 'b1c53a54', 'f5e1da01', 'limitUser', '111111', NULL, NULL);
INSERT INTO pcs_flc_transition_rule (id, name, flow_id, transition_id, rule_type, create_user_id, allocation_user_id, user_type) VALUES ('8754dd92a535', '限制转换人员', 'b1c53a54', '0ceb9de5', 'limitUser', '111111', NULL, NULL);
INSERT INTO pcs_flc_transition_rule (id, name, flow_id, transition_id, rule_type, create_user_id, allocation_user_id, user_type) VALUES ('20746e2a6aa6', '限制转换人员', 'b1c53a54', 'ed662ec5', 'limitUser', '111111', NULL, NULL);
INSERT INTO pcs_flc_transition_rule (id, name, flow_id, transition_id, rule_type, create_user_id, allocation_user_id, user_type) VALUES ('28b71379ed62', '限制转换人员', '34d7bf2c', '32e622ba', 'limitUser', '111111', NULL, NULL);
INSERT INTO pcs_flc_transition_rule (id, name, flow_id, transition_id, rule_type, create_user_id, allocation_user_id, user_type) VALUES ('e7b095c41444', '限制转换人员', '34d7bf2c', '85f28f02', 'limitUser', '111111', NULL, NULL);
INSERT INTO pcs_flc_transition_rule (id, name, flow_id, transition_id, rule_type, create_user_id, allocation_user_id, user_type) VALUES ('ae3d9991606b', '分配事项', '34d7bf2c', '85f28f02', 'distributionWork', '111111', NULL, NULL);
INSERT INTO pcs_flc_transition_rule (id, name, flow_id, transition_id, rule_type, create_user_id, allocation_user_id, user_type) VALUES ('2506106b45e5', '限制转换人员', '34d7bf2c', '40207997', 'limitUser', '111111', NULL, NULL);
INSERT INTO pcs_flc_transition_rule (id, name, flow_id, transition_id, rule_type, create_user_id, allocation_user_id, user_type) VALUES ('482cf24e1c56', '限制转换人员', '34d7bf2c', 'c81c750f', 'limitUser', '111111', NULL, NULL);
INSERT INTO pcs_flc_transition_rule (id, name, flow_id, transition_id, rule_type, create_user_id, allocation_user_id, user_type) VALUES ('dcead1f71e00', '限制转换人员', '34d7bf2c', '62de0fb9', 'limitUser', '111111', NULL, NULL);
INSERT INTO pcs_flc_transition_rule (id, name, flow_id, transition_id, rule_type, create_user_id, allocation_user_id, user_type) VALUES ('b1565377def7', '限制转换人员', '34d7bf2c', '41f40be6', 'limitUser', '111111', NULL, NULL);
INSERT INTO pcs_flc_transition_rule (id, name, flow_id, transition_id, rule_type, create_user_id, allocation_user_id, user_type) VALUES ('1aa780640134', '限制转换人员', '34d7bf2c', '58335cef', 'limitUser', '111111', NULL, NULL);
INSERT INTO pcs_flc_transition_rule (id, name, flow_id, transition_id, rule_type, create_user_id, allocation_user_id, user_type) VALUES ('d7aea1312d90', '限制转换人员', '3b0fc788', 'd85ecdad', 'limitUser', '111111', NULL, NULL);
INSERT INTO pcs_flc_transition_rule (id, name, flow_id, transition_id, rule_type, create_user_id, allocation_user_id, user_type) VALUES ('3d160667b480', '限制转换人员', '3b0fc788', 'fa0e9512', 'limitUser', '111111', NULL, NULL);
INSERT INTO pcs_flc_transition_rule (id, name, flow_id, transition_id, rule_type, create_user_id, allocation_user_id, user_type) VALUES ('811bf9c17484', '分配事项', '3b0fc788', 'fa0e9512', 'distributionWork', '111111', NULL, NULL);
INSERT INTO pcs_flc_transition_rule (id, name, flow_id, transition_id, rule_type, create_user_id, allocation_user_id, user_type) VALUES ('eacf3b024fc2', '限制转换人员', '3b0fc788', '28ee42da', 'limitUser', '111111', NULL, NULL);
INSERT INTO pcs_flc_transition_rule (id, name, flow_id, transition_id, rule_type, create_user_id, allocation_user_id, user_type) VALUES ('f5e61b2b6b73', '限制转换人员', '3b0fc788', '35c28073', 'limitUser', '111111', NULL, NULL);
INSERT INTO pcs_flc_transition_rule (id, name, flow_id, transition_id, rule_type, create_user_id, allocation_user_id, user_type) VALUES ('666b312fca34', '限制转换人员', '3b0fc788', 'f8153fd3', 'limitUser', '111111', NULL, NULL);
INSERT INTO pcs_flc_transition_rule (id, name, flow_id, transition_id, rule_type, create_user_id, allocation_user_id, user_type) VALUES ('55724034f6ae', '限制转换人员', '3b0fc788', '32269796', 'limitUser', '111111', NULL, NULL);
INSERT INTO pcs_flc_transition_rule (id, name, flow_id, transition_id, rule_type, create_user_id, allocation_user_id, user_type) VALUES ('f526edfdf65d', '限制转换人员', '3b0fc788', '9df888ef', 'limitUser', '111111', NULL, NULL);



INSERT INTO pcs_foc_dm_form (id, domain_id, form_id, global_form_id) VALUES ('d1d48864', '4cf6d4dec7d0', 'b1eb0414', '0c5d4ff9');
INSERT INTO pcs_foc_dm_form (id, domain_id, form_id, global_form_id) VALUES ('91fa9f41', '4cf6d4dec7d0', '071890ba', '607f6be6');
INSERT INTO pcs_foc_dm_form (id, domain_id, form_id, global_form_id) VALUES ('0d3f0a5c', '4cf6d4dec7d0', '47a9d800', '515f17bd');
INSERT INTO pcs_foc_dm_form (id, domain_id, form_id, global_form_id) VALUES ('892b5b48', 'f3fdc893ff25', '12775095', '0c5d4ff9');
INSERT INTO pcs_foc_dm_form (id, domain_id, form_id, global_form_id) VALUES ('52db0c62', 'f3fdc893ff25', '3d923ff1', '607f6be6');
INSERT INTO pcs_foc_dm_form (id, domain_id, form_id, global_form_id) VALUES ('e3c37387', 'f3fdc893ff25', '5d383b2d', '515f17bd');

INSERT INTO pcs_foc_field (id, name, code, field_type, grouper, is_edit_col, sort, no_edit) VALUES ('d72ab706', '创建人', 'builder', '2acdb67b', 'system', 0, NULL, 1);
INSERT INTO pcs_foc_field (id, name, code, field_type, grouper, is_edit_col, sort, no_edit) VALUES ('e8787ab9', '所属项目', 'project', '2acdb67b', 'system', 0, NULL, 1);
INSERT INTO pcs_foc_field (id, name, code, field_type, grouper, is_edit_col, sort, no_edit) VALUES ('bd073750', '事项类型', 'workType', '2acdb67b', 'system', 0, NULL, 1);
INSERT INTO pcs_foc_field (id, name, code, field_type, grouper, is_edit_col, sort, no_edit) VALUES ('30026c42', '状态', 'status', '2acdb67b', 'system', 0, NULL, 1);
INSERT INTO pcs_foc_field (id, name, code, field_type, grouper, is_edit_col, sort, no_edit) VALUES ('91532da2', '创建时间', 'buildTime', 'defabc6d', 'system', 0, NULL, 1);
INSERT INTO pcs_foc_field (id, name, code, field_type, grouper, is_edit_col, sort, no_edit) VALUES ('3b3ac1bf', '前置事项', 'preDependWorkItem', '2acdb67b', 'system', 0, NULL, 0);
INSERT INTO pcs_foc_field (id, name, code, field_type, grouper, is_edit_col, sort, no_edit) VALUES ('ca554bdd', '计划结束日期', 'planEndTime', '2acdb67b', 'system', 0, NULL, 0);
INSERT INTO pcs_foc_field (id, name, code, field_type, grouper, is_edit_col, sort, no_edit) VALUES ('18f35f29', '进度', 'percent', 'ddb4490b', 'system', 0, NULL, 0);
INSERT INTO pcs_foc_field (id, name, code, field_type, grouper, is_edit_col, sort, no_edit) VALUES ('c5401366', '是否审查', 'examin', '77198981', 'custom', 0, NULL, 0);
INSERT INTO pcs_foc_field (id, name, code, field_type, grouper, is_edit_col, sort, no_edit) VALUES ('42fffc89', '缺陷点', 'bugnum', 'ddb4490b', 'custom', 0, NULL, 0);
INSERT INTO pcs_foc_field (id, name, code, field_type, grouper, is_edit_col, sort, no_edit) VALUES ('7c43a85f', '所属小组', 'groups', '428bb346', 'custom', 0, NULL, 0);
INSERT INTO pcs_foc_field (id, name, code, field_type, grouper, is_edit_col, sort, no_edit) VALUES ('b2565437', '简述', 'resume', 'eaf425a9', 'custom', 0, NULL, 0);
INSERT INTO pcs_foc_field (id, name, code, field_type, grouper, is_edit_col, sort, no_edit) VALUES ('b588f4c3', '测试日期', 'testDate', '59eb5a88', 'custom', 0, NULL, 0);
INSERT INTO pcs_foc_field (id, name, code, field_type, grouper, is_edit_col, sort, no_edit) VALUES ('20a664a5', '任务描述', 'taskDesc', 'eaf425a9', 'custom', 0, NULL, 0);
INSERT INTO pcs_foc_field (id, name, code, field_type, grouper, is_edit_col, sort, no_edit) VALUES ('5f08e5f0', '审核日期', 'examineDate', 'defabc6d', 'custom', 0, NULL, 0);
INSERT INTO pcs_foc_field (id, name, code, field_type, grouper, is_edit_col, sort, no_edit) VALUES ('187d7a58', '优先级', 'workPriority', '2acdb67b', 'syscustom', 0, NULL, 0);
INSERT INTO pcs_foc_field (id, name, code, field_type, grouper, is_edit_col, sort, no_edit) VALUES ('a34d7fc3', '任务类型', 'taskType', '2acdb67b', 'syscustom', 0, NULL, 0);
INSERT INTO pcs_foc_field (id, name, code, field_type, grouper, is_edit_col, sort, no_edit) VALUES ('c4579b11', '需求类型', 'demandType', '77198981', 'syscustom', 0, NULL, 0);
INSERT INTO pcs_foc_field (id, name, code, field_type, grouper, is_edit_col, sort, no_edit) VALUES ('0763e387', '缺陷类型', 'bugType', '2acdb67b', 'syscustom', 0, NULL, 0);
INSERT INTO pcs_foc_field (id, name, code, field_type, grouper, is_edit_col, sort, no_edit) VALUES ('bbbf26c3', '所属版本', 'projectVersion', '2acdb67b', 'system', 0, NULL, 0);
INSERT INTO pcs_foc_field (id, name, code, field_type, grouper, is_edit_col, sort, no_edit) VALUES ('c5710576', '审核人', 'reporter', '2acdb67b', 'system', 0, NULL, 0);
INSERT INTO pcs_foc_field (id, name, code, field_type, grouper, is_edit_col, sort, no_edit) VALUES ('da0fbb82', '剩余用时', 'surplusTime', '2acdb67b', 'system', 0, NULL, 0);
INSERT INTO pcs_foc_field (id, name, code, field_type, grouper, is_edit_col, sort, no_edit) VALUES ('765e3fce', '上级事项', 'parentWorkItem', '2acdb67b', 'system', 0, NULL, 0);
INSERT INTO pcs_foc_field (id, name, code, field_type, grouper, is_edit_col, sort, no_edit) VALUES ('0f9ff2ce', '所属迭代', 'sprint', '2acdb67b', 'system', 0, NULL, 0);
INSERT INTO pcs_foc_field (id, name, code, field_type, grouper, is_edit_col, sort, no_edit) VALUES ('c5e9a38a', '所属计划', 'stage', '2acdb67b', 'system', 0, NULL, 0);
INSERT INTO pcs_foc_field (id, name, code, field_type, grouper, is_edit_col, sort, no_edit) VALUES ('416a168e', '负责人', 'assigner', '2acdb67b', 'system', 0, NULL, 0);
INSERT INTO pcs_foc_field (id, name, code, field_type, grouper, is_edit_col, sort, no_edit) VALUES ('4b18b18a', '报告人', 'reporter', '2acdb67b', 'system', 0, NULL, 0);
INSERT INTO pcs_foc_field (id, name, code, field_type, grouper, is_edit_col, sort, no_edit) VALUES ('691deab6', '描述', 'desc', 'eaf425a9', 'system', 0, NULL, 0);
INSERT INTO pcs_foc_field (id, name, code, field_type, grouper, is_edit_col, sort, no_edit) VALUES ('bec9e2d4', '所属模块', 'module', '2acdb67b', 'system', 0, NULL, 0);
INSERT INTO pcs_foc_field (id, name, code, field_type, grouper, is_edit_col, sort, no_edit) VALUES ('d11e8ce7', '标题', 'title', 'cabda5be', 'system', 0, NULL, 0);
INSERT INTO pcs_foc_field (id, name, code, field_type, grouper, is_edit_col, sort, no_edit) VALUES ('622b36bb', '计划日期', 'planTime', '2acdb67b', 'system', 0, NULL, 0);
INSERT INTO pcs_foc_field (id, name, code, field_type, grouper, is_edit_col, sort, no_edit) VALUES ('f828fa2b', '预估工时', 'estimateTime', '2acdb67b', 'system', 0, NULL, 0);

INSERT INTO pcs_foc_field_type (id, name, code, grouper, sort) VALUES ('2acdb67b', '下拉框', 'select', 'system', NULL);
INSERT INTO pcs_foc_field_type (id, name, code, grouper, sort) VALUES ('428bb346', '多选', 'checkbox', 'system', NULL);
INSERT INTO pcs_foc_field_type (id, name, code, grouper, sort) VALUES ('59eb5a88', '日期范围', 'dateRange', 'system', NULL);
INSERT INTO pcs_foc_field_type (id, name, code, grouper, sort) VALUES ('77198981', '单选', 'radio', 'system', NULL);
INSERT INTO pcs_foc_field_type (id, name, code, grouper, sort) VALUES ('b3c54c49', '开关', 'switch', 'system', NULL);
INSERT INTO pcs_foc_field_type (id, name, code, grouper, sort) VALUES ('cabda5be', '输入框', 'input', 'system', NULL);
INSERT INTO pcs_foc_field_type (id, name, code, grouper, sort) VALUES ('ddb4490b', '数字', 'number', 'system', NULL);
INSERT INTO pcs_foc_field_type (id, name, code, grouper, sort) VALUES ('defabc6d', '日期', 'date', 'system', NULL);
INSERT INTO pcs_foc_field_type (id, name, code, grouper, sort) VALUES ('eaf425a9', '文本框', 'textarea', 'system', NULL);

INSERT INTO pcs_foc_form (id, name, description, grouper, scope, defaults) VALUES ('515f17bd', '任务表单', '任务表单', 'system', 1, 0);
INSERT INTO pcs_foc_form (id, name, description, grouper, scope, defaults) VALUES ('607f6be6', '缺陷表单', '事项表单', 'system', 1, 0);
INSERT INTO pcs_foc_form (id, name, description, grouper, scope, defaults) VALUES ('9a42061f', '事项表单', '事项表单', 'system', 1, 2);
INSERT INTO pcs_foc_form (id, name, description, grouper, scope, defaults) VALUES ('0c5d4ff9', '需求表单', '事项表单', 'system', 1, 0);
INSERT INTO pcs_foc_form (id, name, description, grouper, scope, defaults) VALUES ('b1eb0414', '需求表单', '事项表单', 'system', 2, 0);
INSERT INTO pcs_foc_form (id, name, description, grouper, scope, defaults) VALUES ('071890ba', '缺陷表单', '事项表单', 'system', 2, 0);
INSERT INTO pcs_foc_form (id, name, description, grouper, scope, defaults) VALUES ('47a9d800', '任务表单', '任务表单', 'system', 2, 0);
INSERT INTO pcs_foc_form (id, name, description, grouper, scope, defaults) VALUES ('12775095', '需求表单', '事项表单', 'system', 2, 0);
INSERT INTO pcs_foc_form (id, name, description, grouper, scope, defaults) VALUES ('3d923ff1', '缺陷表单', '事项表单', 'system', 2, 0);
INSERT INTO pcs_foc_form (id, name, description, grouper, scope, defaults) VALUES ('5d383b2d', '任务表单', '任务表单', 'system', 2, 0);

INSERT INTO pcs_foc_form_field (id, form_id, field_id, required, sort) VALUES ('ff8be08a', 'b1eb0414', 'd11e8ce7', 0, 1);
INSERT INTO pcs_foc_form_field (id, form_id, field_id, required, sort) VALUES ('060a95fb', 'b1eb0414', '416a168e', 0, 2);
INSERT INTO pcs_foc_form_field (id, form_id, field_id, required, sort) VALUES ('236531dd', 'b1eb0414', '0f9ff2ce', 0, 5);
INSERT INTO pcs_foc_form_field (id, form_id, field_id, required, sort) VALUES ('1d55a337', 'b1eb0414', 'bec9e2d4', 0, 6);
INSERT INTO pcs_foc_form_field (id, form_id, field_id, required, sort) VALUES ('4f5c5a83', 'b1eb0414', '622b36bb', 0, 7);
INSERT INTO pcs_foc_form_field (id, form_id, field_id, required, sort) VALUES ('dc289480', 'b1eb0414', '3b3ac1bf', 0, 9);
INSERT INTO pcs_foc_form_field (id, form_id, field_id, required, sort) VALUES ('7064dc24', 'b1eb0414', 'f828fa2b', 0, 10);
INSERT INTO pcs_foc_form_field (id, form_id, field_id, required, sort) VALUES ('c6624524', 'b1eb0414', '691deab6', 0, 11);
INSERT INTO pcs_foc_form_field (id, form_id, field_id, required, sort) VALUES ('21458b8e', 'b1eb0414', 'bd073750', 0, 12);
INSERT INTO pcs_foc_form_field (id, form_id, field_id, required, sort) VALUES ('2594f9b5', 'b1eb0414', 'bbbf26c3', 0, 15);
INSERT INTO pcs_foc_form_field (id, form_id, field_id, required, sort) VALUES ('c5b20f17', 'b1eb0414', 'c5710576', 0, 16);
INSERT INTO pcs_foc_form_field (id, form_id, field_id, required, sort) VALUES ('0c507acf', 'b1eb0414', 'd72ab706', 0, 17);
INSERT INTO pcs_foc_form_field (id, form_id, field_id, required, sort) VALUES ('d177dd01', 'b1eb0414', 'da0fbb82', 0, 18);
INSERT INTO pcs_foc_form_field (id, form_id, field_id, required, sort) VALUES ('11986eda', 'b1eb0414', '765e3fce', 0, 19);
INSERT INTO pcs_foc_form_field (id, form_id, field_id, required, sort) VALUES ('538131fd', 'b1eb0414', 'c5e9a38a', 0, 20);
INSERT INTO pcs_foc_form_field (id, form_id, field_id, required, sort) VALUES ('601d52e2', 'b1eb0414', '30026c42', 0, 21);
INSERT INTO pcs_foc_form_field (id, form_id, field_id, required, sort) VALUES ('ebb8bb1f', 'b1eb0414', '18f35f29', 0, 22);
INSERT INTO pcs_foc_form_field (id, form_id, field_id, required, sort) VALUES ('3ce0ade9', 'b1eb0414', '91532da2', 0, 23);
INSERT INTO pcs_foc_form_field (id, form_id, field_id, required, sort) VALUES ('9211b2dc', 'b1eb0414', '187d7a58', 0, 4);
INSERT INTO pcs_foc_form_field (id, form_id, field_id, required, sort) VALUES ('deffbfa6', 'b1eb0414', 'c4579b11', 0, 27);
INSERT INTO pcs_foc_form_field (id, form_id, field_id, required, sort) VALUES ('20eed791', 'b1eb0414', 'b588f4c3', 0, 14);
INSERT INTO pcs_foc_form_field (id, form_id, field_id, required, sort) VALUES ('927a1698', 'b1eb0414', 'c5401366', 0, 15);
INSERT INTO pcs_foc_form_field (id, form_id, field_id, required, sort) VALUES ('f0f93fa0', '071890ba', 'd11e8ce7', 0, 1);
INSERT INTO pcs_foc_form_field (id, form_id, field_id, required, sort) VALUES ('e765f3a1', '071890ba', '416a168e', 0, 2);
INSERT INTO pcs_foc_form_field (id, form_id, field_id, required, sort) VALUES ('fbb6efcf', '071890ba', '0f9ff2ce', 0, 5);
INSERT INTO pcs_foc_form_field (id, form_id, field_id, required, sort) VALUES ('e016c31b', '071890ba', 'bec9e2d4', 0, 6);
INSERT INTO pcs_foc_form_field (id, form_id, field_id, required, sort) VALUES ('fb23a140', '071890ba', '622b36bb', 0, 7);
INSERT INTO pcs_foc_form_field (id, form_id, field_id, required, sort) VALUES ('87a3c8dd', '071890ba', '3b3ac1bf', 0, 9);
INSERT INTO pcs_foc_form_field (id, form_id, field_id, required, sort) VALUES ('31fbe901', '071890ba', 'f828fa2b', 0, 10);
INSERT INTO pcs_foc_form_field (id, form_id, field_id, required, sort) VALUES ('788825f8', '071890ba', '691deab6', 0, 11);
INSERT INTO pcs_foc_form_field (id, form_id, field_id, required, sort) VALUES ('da15ac6d', '071890ba', 'bd073750', 0, 12);
INSERT INTO pcs_foc_form_field (id, form_id, field_id, required, sort) VALUES ('09191177', '071890ba', 'bbbf26c3', 0, 14);
INSERT INTO pcs_foc_form_field (id, form_id, field_id, required, sort) VALUES ('e8705250', '071890ba', 'c5710576', 0, 15);
INSERT INTO pcs_foc_form_field (id, form_id, field_id, required, sort) VALUES ('5e052762', '071890ba', 'd72ab706', 0, 16);
INSERT INTO pcs_foc_form_field (id, form_id, field_id, required, sort) VALUES ('b5dc4220', '071890ba', 'da0fbb82', 0, 17);
INSERT INTO pcs_foc_form_field (id, form_id, field_id, required, sort) VALUES ('79d2427f', '071890ba', '765e3fce', 0, 18);
INSERT INTO pcs_foc_form_field (id, form_id, field_id, required, sort) VALUES ('438484d8', '071890ba', 'c5e9a38a', 0, 19);
INSERT INTO pcs_foc_form_field (id, form_id, field_id, required, sort) VALUES ('770f5f9b', '071890ba', '30026c42', 0, 20);
INSERT INTO pcs_foc_form_field (id, form_id, field_id, required, sort) VALUES ('a40ddd0c', '071890ba', '18f35f29', 0, 21);
INSERT INTO pcs_foc_form_field (id, form_id, field_id, required, sort) VALUES ('3c3f7aea', '071890ba', '91532da2', 0, 22);
INSERT INTO pcs_foc_form_field (id, form_id, field_id, required, sort) VALUES ('18fb5511', '071890ba', '187d7a58', 0, 4);
INSERT INTO pcs_foc_form_field (id, form_id, field_id, required, sort) VALUES ('b5046ad8', '071890ba', '0763e387', 0, 25);
INSERT INTO pcs_foc_form_field (id, form_id, field_id, required, sort) VALUES ('6946b674', '071890ba', '42fffc89', 0, 14);
INSERT INTO pcs_foc_form_field (id, form_id, field_id, required, sort) VALUES ('011182ac', '071890ba', 'b2565437', 0, 15);
INSERT INTO pcs_foc_form_field (id, form_id, field_id, required, sort) VALUES ('8c2cce6e', '47a9d800', 'd11e8ce7', 0, 3);
INSERT INTO pcs_foc_form_field (id, form_id, field_id, required, sort) VALUES ('a46190ef', '47a9d800', '416a168e', 0, 4);
INSERT INTO pcs_foc_form_field (id, form_id, field_id, required, sort) VALUES ('f36e9c08', '47a9d800', '0f9ff2ce', 0, 7);
INSERT INTO pcs_foc_form_field (id, form_id, field_id, required, sort) VALUES ('7d8cc494', '47a9d800', 'bec9e2d4', 0, 8);
INSERT INTO pcs_foc_form_field (id, form_id, field_id, required, sort) VALUES ('4aa247a9', '47a9d800', '622b36bb', 0, 9);
INSERT INTO pcs_foc_form_field (id, form_id, field_id, required, sort) VALUES ('5d714495', '47a9d800', '3b3ac1bf', 0, 11);
INSERT INTO pcs_foc_form_field (id, form_id, field_id, required, sort) VALUES ('cfb09c2e', '47a9d800', 'f828fa2b', 0, 12);
INSERT INTO pcs_foc_form_field (id, form_id, field_id, required, sort) VALUES ('0ef261dd', '47a9d800', '691deab6', 0, 13);
INSERT INTO pcs_foc_form_field (id, form_id, field_id, required, sort) VALUES ('8ed95199', '47a9d800', 'bd073750', 0, 14);
INSERT INTO pcs_foc_form_field (id, form_id, field_id, required, sort) VALUES ('95d06da6', '47a9d800', 'bbbf26c3', 0, 14);
INSERT INTO pcs_foc_form_field (id, form_id, field_id, required, sort) VALUES ('a157d3fd', '47a9d800', 'c5710576', 0, 15);
INSERT INTO pcs_foc_form_field (id, form_id, field_id, required, sort) VALUES ('f476a32c', '47a9d800', 'd72ab706', 0, 16);
INSERT INTO pcs_foc_form_field (id, form_id, field_id, required, sort) VALUES ('2a5b0048', '47a9d800', 'da0fbb82', 0, 17);
INSERT INTO pcs_foc_form_field (id, form_id, field_id, required, sort) VALUES ('c2a48056', '47a9d800', '765e3fce', 0, 18);
INSERT INTO pcs_foc_form_field (id, form_id, field_id, required, sort) VALUES ('64a3f4df', '47a9d800', 'c5e9a38a', 0, 19);
INSERT INTO pcs_foc_form_field (id, form_id, field_id, required, sort) VALUES ('452dc7cf', '47a9d800', '30026c42', 0, 20);
INSERT INTO pcs_foc_form_field (id, form_id, field_id, required, sort) VALUES ('bb9a0847', '47a9d800', '18f35f29', 0, 21);
INSERT INTO pcs_foc_form_field (id, form_id, field_id, required, sort) VALUES ('62367dbe', '47a9d800', '91532da2', 0, 22);
INSERT INTO pcs_foc_form_field (id, form_id, field_id, required, sort) VALUES ('f718376c', '47a9d800', '187d7a58', 0, 6);
INSERT INTO pcs_foc_form_field (id, form_id, field_id, required, sort) VALUES ('393dab4b', '47a9d800', 'a34d7fc3', 0, 25);
INSERT INTO pcs_foc_form_field (id, form_id, field_id, required, sort) VALUES ('1442a3fc', '47a9d800', '5f08e5f0', 0, 1);
INSERT INTO pcs_foc_form_field (id, form_id, field_id, required, sort) VALUES ('406ebbf4', '47a9d800', 'b588f4c3', 0, 2);
INSERT INTO pcs_foc_form_field (id, form_id, field_id, required, sort) VALUES ('b9aab0fa', '12775095', 'd11e8ce7', 0, 1);
INSERT INTO pcs_foc_form_field (id, form_id, field_id, required, sort) VALUES ('a205f202', '12775095', '416a168e', 0, 2);
INSERT INTO pcs_foc_form_field (id, form_id, field_id, required, sort) VALUES ('e69e97cf', '12775095', '0f9ff2ce', 0, 5);
INSERT INTO pcs_foc_form_field (id, form_id, field_id, required, sort) VALUES ('78196156', '12775095', 'bec9e2d4', 0, 6);
INSERT INTO pcs_foc_form_field (id, form_id, field_id, required, sort) VALUES ('1c0c845a', '12775095', '622b36bb', 0, 7);
INSERT INTO pcs_foc_form_field (id, form_id, field_id, required, sort) VALUES ('bf65a1de', '12775095', '3b3ac1bf', 0, 9);
INSERT INTO pcs_foc_form_field (id, form_id, field_id, required, sort) VALUES ('57dfc394', '12775095', 'f828fa2b', 0, 10);
INSERT INTO pcs_foc_form_field (id, form_id, field_id, required, sort) VALUES ('112ecb45', '12775095', '691deab6', 0, 11);
INSERT INTO pcs_foc_form_field (id, form_id, field_id, required, sort) VALUES ('321ede41', '12775095', 'bd073750', 0, 12);
INSERT INTO pcs_foc_form_field (id, form_id, field_id, required, sort) VALUES ('b036846b', '12775095', 'bbbf26c3', 0, 15);
INSERT INTO pcs_foc_form_field (id, form_id, field_id, required, sort) VALUES ('0acde2d7', '12775095', 'c5710576', 0, 16);
INSERT INTO pcs_foc_form_field (id, form_id, field_id, required, sort) VALUES ('72e7679c', '12775095', 'd72ab706', 0, 17);
INSERT INTO pcs_foc_form_field (id, form_id, field_id, required, sort) VALUES ('9ca10350', '12775095', 'da0fbb82', 0, 18);
INSERT INTO pcs_foc_form_field (id, form_id, field_id, required, sort) VALUES ('5a95a2fc', '12775095', '765e3fce', 0, 19);
INSERT INTO pcs_foc_form_field (id, form_id, field_id, required, sort) VALUES ('b27fc266', '12775095', 'c5e9a38a', 0, 20);
INSERT INTO pcs_foc_form_field (id, form_id, field_id, required, sort) VALUES ('0bba6161', '12775095', '30026c42', 0, 21);
INSERT INTO pcs_foc_form_field (id, form_id, field_id, required, sort) VALUES ('48fc3c9c', '12775095', '18f35f29', 0, 22);
INSERT INTO pcs_foc_form_field (id, form_id, field_id, required, sort) VALUES ('d04ee12b', '12775095', '91532da2', 0, 23);
INSERT INTO pcs_foc_form_field (id, form_id, field_id, required, sort) VALUES ('7d07af4f', '12775095', '187d7a58', 0, 4);
INSERT INTO pcs_foc_form_field (id, form_id, field_id, required, sort) VALUES ('d4c7834d', '12775095', 'c4579b11', 0, 27);
INSERT INTO pcs_foc_form_field (id, form_id, field_id, required, sort) VALUES ('fb960a13', '12775095', 'b588f4c3', 0, 14);
INSERT INTO pcs_foc_form_field (id, form_id, field_id, required, sort) VALUES ('d774e991', '12775095', 'c5401366', 0, 15);
INSERT INTO pcs_foc_form_field (id, form_id, field_id, required, sort) VALUES ('3819afe3', '3d923ff1', 'd11e8ce7', 0, 1);
INSERT INTO pcs_foc_form_field (id, form_id, field_id, required, sort) VALUES ('97f38f55', '3d923ff1', '416a168e', 0, 2);
INSERT INTO pcs_foc_form_field (id, form_id, field_id, required, sort) VALUES ('2e698007', '3d923ff1', '0f9ff2ce', 0, 5);
INSERT INTO pcs_foc_form_field (id, form_id, field_id, required, sort) VALUES ('a63a61f7', '3d923ff1', 'bec9e2d4', 0, 6);
INSERT INTO pcs_foc_form_field (id, form_id, field_id, required, sort) VALUES ('0b556153', '3d923ff1', '622b36bb', 0, 7);
INSERT INTO pcs_foc_form_field (id, form_id, field_id, required, sort) VALUES ('d7ff2c80', '3d923ff1', '3b3ac1bf', 0, 9);
INSERT INTO pcs_foc_form_field (id, form_id, field_id, required, sort) VALUES ('e1e8a2dd', '3d923ff1', 'f828fa2b', 0, 10);
INSERT INTO pcs_foc_form_field (id, form_id, field_id, required, sort) VALUES ('6b5a2902', '3d923ff1', '691deab6', 0, 11);
INSERT INTO pcs_foc_form_field (id, form_id, field_id, required, sort) VALUES ('24cba8c4', '3d923ff1', 'bd073750', 0, 12);
INSERT INTO pcs_foc_form_field (id, form_id, field_id, required, sort) VALUES ('82a07cb4', '3d923ff1', 'bbbf26c3', 0, 14);
INSERT INTO pcs_foc_form_field (id, form_id, field_id, required, sort) VALUES ('d34cf407', '3d923ff1', 'c5710576', 0, 15);
INSERT INTO pcs_foc_form_field (id, form_id, field_id, required, sort) VALUES ('0168ff03', '3d923ff1', 'd72ab706', 0, 16);
INSERT INTO pcs_foc_form_field (id, form_id, field_id, required, sort) VALUES ('820d3cfd', '3d923ff1', 'da0fbb82', 0, 17);
INSERT INTO pcs_foc_form_field (id, form_id, field_id, required, sort) VALUES ('1f569c7d', '3d923ff1', '765e3fce', 0, 18);
INSERT INTO pcs_foc_form_field (id, form_id, field_id, required, sort) VALUES ('5f739f4b', '3d923ff1', 'c5e9a38a', 0, 19);
INSERT INTO pcs_foc_form_field (id, form_id, field_id, required, sort) VALUES ('13ebff38', '3d923ff1', '30026c42', 0, 20);
INSERT INTO pcs_foc_form_field (id, form_id, field_id, required, sort) VALUES ('18486e18', '3d923ff1', '18f35f29', 0, 21);
INSERT INTO pcs_foc_form_field (id, form_id, field_id, required, sort) VALUES ('e0443f46', '3d923ff1', '91532da2', 0, 22);
INSERT INTO pcs_foc_form_field (id, form_id, field_id, required, sort) VALUES ('5b097c98', '3d923ff1', '187d7a58', 0, 4);
INSERT INTO pcs_foc_form_field (id, form_id, field_id, required, sort) VALUES ('1154cd06', '3d923ff1', '0763e387', 0, 25);
INSERT INTO pcs_foc_form_field (id, form_id, field_id, required, sort) VALUES ('cbf6d46d', '3d923ff1', '42fffc89', 0, 14);
INSERT INTO pcs_foc_form_field (id, form_id, field_id, required, sort) VALUES ('0e92322b', '3d923ff1', 'b2565437', 0, 15);
INSERT INTO pcs_foc_form_field (id, form_id, field_id, required, sort) VALUES ('3ffa6264', '5d383b2d', 'd11e8ce7', 0, 3);
INSERT INTO pcs_foc_form_field (id, form_id, field_id, required, sort) VALUES ('17a88252', '5d383b2d', '416a168e', 0, 4);
INSERT INTO pcs_foc_form_field (id, form_id, field_id, required, sort) VALUES ('e9a2e0ed', '5d383b2d', '0f9ff2ce', 0, 7);
INSERT INTO pcs_foc_form_field (id, form_id, field_id, required, sort) VALUES ('0e6cf0ea', '5d383b2d', 'bec9e2d4', 0, 8);
INSERT INTO pcs_foc_form_field (id, form_id, field_id, required, sort) VALUES ('9dc9d451', '5d383b2d', '622b36bb', 0, 9);
INSERT INTO pcs_foc_form_field (id, form_id, field_id, required, sort) VALUES ('0a7ba649', '5d383b2d', '3b3ac1bf', 0, 11);
INSERT INTO pcs_foc_form_field (id, form_id, field_id, required, sort) VALUES ('c3b73453', '5d383b2d', 'f828fa2b', 0, 12);
INSERT INTO pcs_foc_form_field (id, form_id, field_id, required, sort) VALUES ('45195f40', '5d383b2d', '691deab6', 0, 13);
INSERT INTO pcs_foc_form_field (id, form_id, field_id, required, sort) VALUES ('02bda890', '5d383b2d', 'bd073750', 0, 14);
INSERT INTO pcs_foc_form_field (id, form_id, field_id, required, sort) VALUES ('eee9a42e', '5d383b2d', 'bbbf26c3', 0, 14);
INSERT INTO pcs_foc_form_field (id, form_id, field_id, required, sort) VALUES ('86b9dc16', '5d383b2d', 'c5710576', 0, 15);
INSERT INTO pcs_foc_form_field (id, form_id, field_id, required, sort) VALUES ('bf9c861b', '5d383b2d', 'd72ab706', 0, 16);
INSERT INTO pcs_foc_form_field (id, form_id, field_id, required, sort) VALUES ('c6ad835f', '5d383b2d', 'da0fbb82', 0, 17);
INSERT INTO pcs_foc_form_field (id, form_id, field_id, required, sort) VALUES ('0e287444', '5d383b2d', '765e3fce', 0, 18);
INSERT INTO pcs_foc_form_field (id, form_id, field_id, required, sort) VALUES ('ff37e301', '5d383b2d', 'c5e9a38a', 0, 19);
INSERT INTO pcs_foc_form_field (id, form_id, field_id, required, sort) VALUES ('1bcb004a', '5d383b2d', '30026c42', 0, 20);
INSERT INTO pcs_foc_form_field (id, form_id, field_id, required, sort) VALUES ('d0eb6101', '5d383b2d', '18f35f29', 0, 21);
INSERT INTO pcs_foc_form_field (id, form_id, field_id, required, sort) VALUES ('aa0c3f20', '5d383b2d', '91532da2', 0, 22);
INSERT INTO pcs_foc_form_field (id, form_id, field_id, required, sort) VALUES ('6128f14f', '5d383b2d', '187d7a58', 0, 6);
INSERT INTO pcs_foc_form_field (id, form_id, field_id, required, sort) VALUES ('ab160aaf', '5d383b2d', 'a34d7fc3', 0, 25);
INSERT INTO pcs_foc_form_field (id, form_id, field_id, required, sort) VALUES ('27fed3cc', '5d383b2d', '5f08e5f0', 0, 1);
INSERT INTO pcs_foc_form_field (id, form_id, field_id, required, sort) VALUES ('626f4569', '5d383b2d', 'b588f4c3', 0, 2);
INSERT INTO pcs_foc_form_field (id, form_id, field_id, required, sort) VALUES ('9ffc9368', '9a42061f', 'bbbf26c3', 0, 11);
INSERT INTO pcs_foc_form_field (id, form_id, field_id, required, sort) VALUES ('ef97c470', '9a42061f', '91532da2', 0, 19);
INSERT INTO pcs_foc_form_field (id, form_id, field_id, required, sort) VALUES ('c3bf509a', '9a42061f', '622b36bb', 0, 7);
INSERT INTO pcs_foc_form_field (id, form_id, field_id, required, sort) VALUES ('d3ead3a1', '9a42061f', 'c5710576', 0, 12);
INSERT INTO pcs_foc_form_field (id, form_id, field_id, required, sort) VALUES ('31dbe821', '9a42061f', 'd72ab706', 0, 13);
INSERT INTO pcs_foc_form_field (id, form_id, field_id, required, sort) VALUES ('9e9ef85d', '9a42061f', '765e3fce', 0, 15);
INSERT INTO pcs_foc_form_field (id, form_id, field_id, required, sort) VALUES ('4b833374', '9a42061f', 'da0fbb82', 0, 14);
INSERT INTO pcs_foc_form_field (id, form_id, field_id, required, sort) VALUES ('805f79e1', '9a42061f', 'bd073750', 0, 12);
INSERT INTO pcs_foc_form_field (id, form_id, field_id, required, sort) VALUES ('05f4bfba', '9a42061f', 'f828fa2b', 0, 10);
INSERT INTO pcs_foc_form_field (id, form_id, field_id, required, sort) VALUES ('c834a221', '9a42061f', '187d7a58', 0, 4);
INSERT INTO pcs_foc_form_field (id, form_id, field_id, required, sort) VALUES ('37a364b9', '9a42061f', '691deab6', 0, 11);
INSERT INTO pcs_foc_form_field (id, form_id, field_id, required, sort) VALUES ('84203a14', '9a42061f', 'd11e8ce7', 0, 1);
INSERT INTO pcs_foc_form_field (id, form_id, field_id, required, sort) VALUES ('6b3bfc76', '9a42061f', 'c5e9a38a', 0, 16);
INSERT INTO pcs_foc_form_field (id, form_id, field_id, required, sort) VALUES ('d3d39189', '9a42061f', '0f9ff2ce', 0, 5);
INSERT INTO pcs_foc_form_field (id, form_id, field_id, required, sort) VALUES ('c1706215', '9a42061f', '30026c42', 0, 17);
INSERT INTO pcs_foc_form_field (id, form_id, field_id, required, sort) VALUES ('8c0baa53', '9a42061f', '416a168e', 0, 2);
INSERT INTO pcs_foc_form_field (id, form_id, field_id, required, sort) VALUES ('245fa038', '9a42061f', '3b3ac1bf', 0, 9);
INSERT INTO pcs_foc_form_field (id, form_id, field_id, required, sort) VALUES ('3b0a0a35', '9a42061f', '18f35f29', 0, 18);
INSERT INTO pcs_foc_form_field (id, form_id, field_id, required, sort) VALUES ('5b41ab62', '9a42061f', 'bec9e2d4', 0, 6);
INSERT INTO pcs_foc_form_field (id, form_id, field_id, required, sort) VALUES ('68a0e2ce', '0c5d4ff9', 'c5e9a38a', 0, 20);
INSERT INTO pcs_foc_form_field (id, form_id, field_id, required, sort) VALUES ('a3f56768', '0c5d4ff9', '30026c42', 0, 21);
INSERT INTO pcs_foc_form_field (id, form_id, field_id, required, sort) VALUES ('24e8d5f3', '0c5d4ff9', '416a168e', 0, 2);
INSERT INTO pcs_foc_form_field (id, form_id, field_id, required, sort) VALUES ('37879bb0', '0c5d4ff9', 'c4579b11', 0, 27);
INSERT INTO pcs_foc_form_field (id, form_id, field_id, required, sort) VALUES ('29c0e76b', '0c5d4ff9', 'b588f4c3', 0, 14);
INSERT INTO pcs_foc_form_field (id, form_id, field_id, required, sort) VALUES ('8d734806', '0c5d4ff9', 'bbbf26c3', 0, 15);
INSERT INTO pcs_foc_form_field (id, form_id, field_id, required, sort) VALUES ('716bf5b8', '0c5d4ff9', '18f35f29', 0, 22);
INSERT INTO pcs_foc_form_field (id, form_id, field_id, required, sort) VALUES ('ab2cc2fd', '0c5d4ff9', '622b36bb', 0, 7);
INSERT INTO pcs_foc_form_field (id, form_id, field_id, required, sort) VALUES ('bb3c8bae', '0c5d4ff9', '91532da2', 0, 23);
INSERT INTO pcs_foc_form_field (id, form_id, field_id, required, sort) VALUES ('0e1c702b', '0c5d4ff9', 'bd073750', 0, 12);
INSERT INTO pcs_foc_form_field (id, form_id, field_id, required, sort) VALUES ('b842c989', '0c5d4ff9', 'c5710576', 0, 16);
INSERT INTO pcs_foc_form_field (id, form_id, field_id, required, sort) VALUES ('6e780e05', '0c5d4ff9', '3b3ac1bf', 0, 9);
INSERT INTO pcs_foc_form_field (id, form_id, field_id, required, sort) VALUES ('f85a0205', '0c5d4ff9', 'bec9e2d4', 0, 6);
INSERT INTO pcs_foc_form_field (id, form_id, field_id, required, sort) VALUES ('c4c777f7', '0c5d4ff9', '187d7a58', 0, 4);
INSERT INTO pcs_foc_form_field (id, form_id, field_id, required, sort) VALUES ('00e0c40d', '0c5d4ff9', '0f9ff2ce', 0, 5);
INSERT INTO pcs_foc_form_field (id, form_id, field_id, required, sort) VALUES ('7e506285', '0c5d4ff9', 'f828fa2b', 0, 10);
INSERT INTO pcs_foc_form_field (id, form_id, field_id, required, sort) VALUES ('21740fe2', '0c5d4ff9', 'd72ab706', 0, 17);
INSERT INTO pcs_foc_form_field (id, form_id, field_id, required, sort) VALUES ('feda0326', '0c5d4ff9', 'c5401366', 0, 15);
INSERT INTO pcs_foc_form_field (id, form_id, field_id, required, sort) VALUES ('fa1af020', '0c5d4ff9', 'da0fbb82', 0, 18);
INSERT INTO pcs_foc_form_field (id, form_id, field_id, required, sort) VALUES ('b74105c1', '0c5d4ff9', 'd11e8ce7', 0, 1);
INSERT INTO pcs_foc_form_field (id, form_id, field_id, required, sort) VALUES ('984b1739', '0c5d4ff9', '691deab6', 0, 11);
INSERT INTO pcs_foc_form_field (id, form_id, field_id, required, sort) VALUES ('e05bc35c', '0c5d4ff9', '765e3fce', 0, 19);
INSERT INTO pcs_foc_form_field (id, form_id, field_id, required, sort) VALUES ('49ed271d', '515f17bd', 'bd073750', 0, 14);
INSERT INTO pcs_foc_form_field (id, form_id, field_id, required, sort) VALUES ('4f8ac43e', '515f17bd', 'b588f4c3', 0, 2);
INSERT INTO pcs_foc_form_field (id, form_id, field_id, required, sort) VALUES ('ce6ee2d2', '515f17bd', '765e3fce', 0, 18);
INSERT INTO pcs_foc_form_field (id, form_id, field_id, required, sort) VALUES ('517546b5', '515f17bd', '18f35f29', 0, 21);
INSERT INTO pcs_foc_form_field (id, form_id, field_id, required, sort) VALUES ('5fd65b0e', '515f17bd', 'da0fbb82', 0, 17);
INSERT INTO pcs_foc_form_field (id, form_id, field_id, required, sort) VALUES ('4acd2793', '515f17bd', '30026c42', 0, 20);
INSERT INTO pcs_foc_form_field (id, form_id, field_id, required, sort) VALUES ('76a711f1', '515f17bd', 'd72ab706', 0, 16);
INSERT INTO pcs_foc_form_field (id, form_id, field_id, required, sort) VALUES ('48b46471', '515f17bd', '416a168e', 0, 4);
INSERT INTO pcs_foc_form_field (id, form_id, field_id, required, sort) VALUES ('6ee9e04a', '515f17bd', 'c5710576', 0, 15);
INSERT INTO pcs_foc_form_field (id, form_id, field_id, required, sort) VALUES ('a14ac6f4', '515f17bd', 'bbbf26c3', 0, 14);
INSERT INTO pcs_foc_form_field (id, form_id, field_id, required, sort) VALUES ('d1e5ded1', '515f17bd', '0f9ff2ce', 0, 7);
INSERT INTO pcs_foc_form_field (id, form_id, field_id, required, sort) VALUES ('e8c55fbf', '515f17bd', '691deab6', 0, 13);
INSERT INTO pcs_foc_form_field (id, form_id, field_id, required, sort) VALUES ('ed305ca0', '515f17bd', 'a34d7fc3', 0, 25);
INSERT INTO pcs_foc_form_field (id, form_id, field_id, required, sort) VALUES ('e6c30537', '515f17bd', 'c5e9a38a', 0, 19);
INSERT INTO pcs_foc_form_field (id, form_id, field_id, required, sort) VALUES ('f53b5710', '515f17bd', 'd11e8ce7', 0, 3);
INSERT INTO pcs_foc_form_field (id, form_id, field_id, required, sort) VALUES ('73777c17', '515f17bd', '622b36bb', 0, 9);
INSERT INTO pcs_foc_form_field (id, form_id, field_id, required, sort) VALUES ('5bfd45a9', '515f17bd', 'bec9e2d4', 0, 8);
INSERT INTO pcs_foc_form_field (id, form_id, field_id, required, sort) VALUES ('a137742c', '515f17bd', '5f08e5f0', 0, 1);
INSERT INTO pcs_foc_form_field (id, form_id, field_id, required, sort) VALUES ('7d90f051', '515f17bd', '91532da2', 0, 22);
INSERT INTO pcs_foc_form_field (id, form_id, field_id, required, sort) VALUES ('df658d25', '515f17bd', 'f828fa2b', 0, 12);
INSERT INTO pcs_foc_form_field (id, form_id, field_id, required, sort) VALUES ('51ce3b98', '515f17bd', '3b3ac1bf', 0, 11);
INSERT INTO pcs_foc_form_field (id, form_id, field_id, required, sort) VALUES ('a3e30e17', '515f17bd', '187d7a58', 0, 6);
INSERT INTO pcs_foc_form_field (id, form_id, field_id, required, sort) VALUES ('dcf24c56', '607f6be6', '691deab6', 0, 11);
INSERT INTO pcs_foc_form_field (id, form_id, field_id, required, sort) VALUES ('96d7622a', '607f6be6', '622b36bb', 0, 7);
INSERT INTO pcs_foc_form_field (id, form_id, field_id, required, sort) VALUES ('fa7d61ff', '607f6be6', 'da0fbb82', 0, 17);
INSERT INTO pcs_foc_form_field (id, form_id, field_id, required, sort) VALUES ('b56b7250', '607f6be6', '18f35f29', 0, 21);
INSERT INTO pcs_foc_form_field (id, form_id, field_id, required, sort) VALUES ('670a3fe2', '607f6be6', '91532da2', 0, 22);
INSERT INTO pcs_foc_form_field (id, form_id, field_id, required, sort) VALUES ('e1c6a3e9', '607f6be6', 'd72ab706', 0, 16);
INSERT INTO pcs_foc_form_field (id, form_id, field_id, required, sort) VALUES ('63a17241', '607f6be6', '416a168e', 0, 2);
INSERT INTO pcs_foc_form_field (id, form_id, field_id, required, sort) VALUES ('63cc3600', '607f6be6', 'd11e8ce7', 0, 1);
INSERT INTO pcs_foc_form_field (id, form_id, field_id, required, sort) VALUES ('a5775a3d', '607f6be6', '0f9ff2ce', 0, 5);
INSERT INTO pcs_foc_form_field (id, form_id, field_id, required, sort) VALUES ('9e88df4a', '607f6be6', 'c5710576', 0, 15);
INSERT INTO pcs_foc_form_field (id, form_id, field_id, required, sort) VALUES ('64d8236c', '607f6be6', 'bec9e2d4', 0, 6);
INSERT INTO pcs_foc_form_field (id, form_id, field_id, required, sort) VALUES ('53d1bfc4', '607f6be6', 'bbbf26c3', 0, 14);
INSERT INTO pcs_foc_form_field (id, form_id, field_id, required, sort) VALUES ('6a4c87d6', '607f6be6', 'b2565437', 0, 15);
INSERT INTO pcs_foc_form_field (id, form_id, field_id, required, sort) VALUES ('18fd92b9', '607f6be6', '765e3fce', 0, 18);
INSERT INTO pcs_foc_form_field (id, form_id, field_id, required, sort) VALUES ('746a5d65', '607f6be6', 'bd073750', 0, 12);
INSERT INTO pcs_foc_form_field (id, form_id, field_id, required, sort) VALUES ('453c6445', '607f6be6', 'c5e9a38a', 0, 19);
INSERT INTO pcs_foc_form_field (id, form_id, field_id, required, sort) VALUES ('22db201b', '607f6be6', '42fffc89', 0, 14);
INSERT INTO pcs_foc_form_field (id, form_id, field_id, required, sort) VALUES ('e8290d1c', '607f6be6', '187d7a58', 0, 4);
INSERT INTO pcs_foc_form_field (id, form_id, field_id, required, sort) VALUES ('1372dead', '607f6be6', 'f828fa2b', 0, 10);
INSERT INTO pcs_foc_form_field (id, form_id, field_id, required, sort) VALUES ('ea09f08f', '607f6be6', '0763e387', 0, 25);
INSERT INTO pcs_foc_form_field (id, form_id, field_id, required, sort) VALUES ('8e85e8f9', '607f6be6', '3b3ac1bf', 0, 9);
INSERT INTO pcs_foc_form_field (id, form_id, field_id, required, sort) VALUES ('3f2206f7', '607f6be6', '30026c42', 0, 20);

INSERT INTO pcs_foc_form_relation (id, model_id, model_name, model_type, form_id, bgroup) VALUES ('984912087ca1', '6fef9d3d', '需求流程', 'flow', 'b1eb0414', 'kanass');
INSERT INTO pcs_foc_form_relation (id, model_id, model_name, model_type, form_id, bgroup) VALUES ('8b58d2f3ed92', '5b1c9c40', '缺陷流程', 'flow', '071890ba', 'kanass');
INSERT INTO pcs_foc_form_relation (id, model_id, model_name, model_type, form_id, bgroup) VALUES ('ae4c2d3ce308', '9e7f5ea4', '任务流程', 'flow', '47a9d800', 'kanass');
INSERT INTO pcs_foc_form_relation (id, model_id, model_name, model_type, form_id, bgroup) VALUES ('ef2f76225056', 'b1c53a54', '需求流程', 'flow', '12775095', 'kanass');
INSERT INTO pcs_foc_form_relation (id, model_id, model_name, model_type, form_id, bgroup) VALUES ('8a271f4f16f4', '34d7bf2c', '缺陷流程', 'flow', '3d923ff1', 'kanass');
INSERT INTO pcs_foc_form_relation (id, model_id, model_name, model_type, form_id, bgroup) VALUES ('010a98e4edae', '3b0fc788', '任务流程', 'flow', '5d383b2d', 'kanass');

INSERT INTO pcs_foc_select_item (id, name, field_id, value, sort, icon_url) VALUES ('039bc15d', '易用性问题', '0763e387', 'easeOfUse', NULL, NULL);
INSERT INTO pcs_foc_select_item (id, name, field_id, value, sort, icon_url) VALUES ('03da940d', '优化', 'a34d7fc3', 'optimization', NULL, NULL);
INSERT INTO pcs_foc_select_item (id, name, field_id, value, sort, icon_url) VALUES ('11d6ea1f', '用户反馈', 'c4579b11', 'userFeedback', NULL, NULL);
INSERT INTO pcs_foc_select_item (id, name, field_id, value, sort, icon_url) VALUES ('37cf210e', '安全问题', '0763e387', 'security', NULL, NULL);
INSERT INTO pcs_foc_select_item (id, name, field_id, value, sort, icon_url) VALUES ('42cf3280', '竞品调研', 'c4579b11', 'competitorsSurvey ', NULL, NULL);
INSERT INTO pcs_foc_select_item (id, name, field_id, value, sort, icon_url) VALUES ('4922a294', 'UI问题', '0763e387', 'ui', NULL, NULL);
INSERT INTO pcs_foc_select_item (id, name, field_id, value, sort, icon_url) VALUES ('62a0df93', '性能问题', '0763e387', 'performance', NULL, NULL);
INSERT INTO pcs_foc_select_item (id, name, field_id, value, sort, icon_url) VALUES ('6c1d0472', '产品规划', 'c4579b11', 'projectPlan', NULL, NULL);
INSERT INTO pcs_foc_select_item (id, name, field_id, value, sort, icon_url) VALUES ('6ee78fbc', '新增功能', 'a34d7fc3', 'addfuncation', NULL, NULL);
INSERT INTO pcs_foc_select_item (id, name, field_id, value, sort, icon_url) VALUES ('8581ea12', '其他', 'c4579b11', 'other', NULL, NULL);
INSERT INTO pcs_foc_select_item (id, name, field_id, value, sort, icon_url) VALUES ('8b2bc535', '是', 'c5401366', 'true', NULL, NULL);
INSERT INTO pcs_foc_select_item (id, name, field_id, value, sort, icon_url) VALUES ('8da39b77', '兼容性问题', '0763e387', 'compatibility', NULL, NULL);
INSERT INTO pcs_foc_select_item (id, name, field_id, value, sort, icon_url) VALUES ('aa4f0af2', '项目组2', '7c43a85f', 'group2', NULL, NULL);
INSERT INTO pcs_foc_select_item (id, name, field_id, value, sort, icon_url) VALUES ('adf72e9f', '内部需求', 'c4579b11', ' internalDemand', NULL, NULL);
INSERT INTO pcs_foc_select_item (id, name, field_id, value, sort, icon_url) VALUES ('caf3ed46', '项目组1', '7c43a85f', 'group1', NULL, NULL);
INSERT INTO pcs_foc_select_item (id, name, field_id, value, sort, icon_url) VALUES ('e6666586', '接口问题', '0763e387', 'api', NULL, NULL);
INSERT INTO pcs_foc_select_item (id, name, field_id, value, sort, icon_url) VALUES ('e7d7d4ca', '功能问题', '0763e387', 'function', NULL, NULL);
INSERT INTO pcs_foc_select_item (id, name, field_id, value, sort, icon_url) VALUES ('faaecb3d', '中', '187d7a58', 'medium', 2, 'proivilege3.png');
INSERT INTO pcs_foc_select_item (id, name, field_id, value, sort, icon_url) VALUES ('04b440ad', '低', '187d7a58', 'low', 1, 'proivilege1.png');
INSERT INTO pcs_foc_select_item (id, name, field_id, value, sort, icon_url) VALUES ('56035266', '高', '187d7a58', 'high', 3, 'proivilege5.png');

INSERT INTO pcs_foc_select_item_rela (id, field_id, select_item_id, relation_id) VALUES ('6ae74934cb34', 'a34d7fc3', '03da940d', '189e3a56f301');
INSERT INTO pcs_foc_select_item_rela (id, field_id, select_item_id, relation_id) VALUES ('29f1a5e9c6d7', '187d7a58', 'faaecb3d', '189e3a56f301');


INSERT INTO pcs_prc_role (id, name, description, grouper, type, business_type, default_role, scope, parent_id) VALUES ('77f512ab7c53', '普通用户', '初始化', 'custom', '1', 0, 1, 1, NULL);
INSERT INTO pcs_prc_role (id, name, description, grouper, type, business_type, default_role, scope, parent_id) VALUES ('1', 'admin', '管理员', 'system', '1', 1, 0, 1, NULL);
INSERT INTO pcs_prc_role (id, name, description, grouper, type, business_type, default_role, scope, parent_id) VALUES ('323810f03653', '普通用户', '初始化', 'system', '2', 0, 1, 2, '4559d54bc8b7');
INSERT INTO pcs_prc_role (id, name, description, grouper, type, business_type, default_role, scope, parent_id) VALUES ('32521b1d228f', 'admin', '管理员', 'system', '2', 0, 0, 2, '2');
INSERT INTO pcs_prc_role (id, name, description, grouper, type, business_type, default_role, scope, parent_id) VALUES ('7fd9ce1c7be1', '普通用户', '初始化', 'system', '2', 0, 1, 2, '4559d54bc8b7');
INSERT INTO pcs_prc_role (id, name, description, grouper, type, business_type, default_role, scope, parent_id) VALUES ('f899d7406414', 'admin', '管理员', 'system', '2', 0, 0, 2, '2');
INSERT INTO pcs_prc_role (id, name, description, grouper, type, business_type, default_role, scope, parent_id) VALUES ('4559d54bc8b7', '普通用户', '初始化', 'system', '2', 0, 1, 1, NULL);
INSERT INTO pcs_prc_role (id, name, description, grouper, type, business_type, default_role, scope, parent_id) VALUES ('f873c801cf35', '项目超级管理员', '系统超级管理员角色,只能存在一个。', 'system', '2', 2, 0, 2, 'pro_111111');
INSERT INTO pcs_prc_role (id, name, description, grouper, type, business_type, default_role, scope, parent_id) VALUES ('8906a088f99c', '项目超级管理员', '系统超级管理员角色,只能存在一个。', 'system', '2', 2, 0, 2, 'pro_111111');
INSERT INTO pcs_prc_role (id, name, description, grouper, type, business_type, default_role, scope, parent_id) VALUES ('2', 'admin', '管理员', 'system', '2', 1, 0, 1, NULL);
--INSERT INTO pcs_prc_dm_role (id, domain_id, role_id) VALUES ('05a4fd811427', 'f3fdc893ff25', '323810f03653');
--INSERT INTO pcs_prc_dm_role (id, domain_id, role_id) VALUES ('86912b2f65de', '4cf6d4dec7d0', '7fd9ce1c7be1');
--INSERT INTO pcs_prc_dm_role (id, domain_id, role_id) VALUES ('d34704c82822', 'f3fdc893ff25', 'f899d7406414');
--INSERT INTO pcs_prc_dm_role (id, domain_id, role_id) VALUES ('f1968b10de30', '4cf6d4dec7d0', '32521b1d228f');
--INSERT INTO pcs_prc_dm_role (id, domain_id, role_id) VALUES ('37df0298b225', '4cf6d4dec7d0', 'f873c801cf35');
--INSERT INTO pcs_prc_dm_role (id, domain_id, role_id) VALUES ('5150dd80ba74', 'f3fdc893ff25', '8906a088f99c');
INSERT INTO pcs_prc_role (id, name, description, grouper, type, business_type, default_role, scope, parent_id) VALUES ('5780a5de700c', '项目超级管理员', '项目超级管理员角色,只能存在一个。', 'system', '2', 2, 2, 2, 'pro_111111');
INSERT INTO pcs_prc_role (id, name, description, grouper, type, business_type, default_role, scope, parent_id) VALUES ('4f6dd633d13e', '普通用户', '初始化', 'system', '2', 0, 1, 2, '4559d54bc8b7');
INSERT INTO pcs_prc_role (id, name, description, grouper, type, business_type, default_role, scope, parent_id) VALUES ('ce5a1d690405', 'admin', '管理员', 'system', '2', 1, 0, 2, '2');

INSERT INTO pcs_prc_dm_role (id, domain_id, role_id, business_type) VALUES ('05a4fd811427', 'f3fdc893ff25', '323810f03653', 0);
INSERT INTO pcs_prc_dm_role (id, domain_id, role_id, business_type) VALUES ('86912b2f65de', '4cf6d4dec7d0', '7fd9ce1c7be1', 0);
INSERT INTO pcs_prc_dm_role (id, domain_id, role_id, business_type) VALUES ('d34704c82822', 'f3fdc893ff25', 'f899d7406414', 0);
INSERT INTO pcs_prc_dm_role (id, domain_id, role_id, business_type) VALUES ('f1968b10de30', '4cf6d4dec7d0', '32521b1d228f', 0);
INSERT INTO pcs_prc_dm_role (id, domain_id, role_id, business_type) VALUES ('37df0298b225', '4cf6d4dec7d0', 'f873c801cf35', 2);
INSERT INTO pcs_prc_dm_role (id, domain_id, role_id, business_type) VALUES ('5150dd80ba74', 'f3fdc893ff25', '8906a088f99c', 2);
INSERT INTO pcs_prc_dm_role (id, domain_id, role_id, business_type) VALUES ('e49cbafa6f9e', '4c690ab87ce0', '5780a5de700c', 2);
INSERT INTO pcs_prc_dm_role (id, domain_id, role_id, business_type) VALUES ('384a7ed5289c', '4c690ab87ce0', '4f6dd633d13e', 0);
INSERT INTO pcs_prc_dm_role (id, domain_id, role_id, business_type) VALUES ('0e783142a28c', '4c690ab87ce0', 'ce5a1d690405', 1);


INSERT INTO pcs_prc_dm_role_user (id, dmRole_id, domain_id, user_id) VALUES ('177715b8d071', 'd34704c82822', 'f3fdc893ff25', '111111');
INSERT INTO pcs_prc_dm_role_user (id, dmRole_id, domain_id, user_id) VALUES ('639f1838c88e', '05a4fd811427', 'f3fdc893ff25', '111111');
INSERT INTO pcs_prc_dm_role_user (id, dmRole_id, domain_id, user_id) VALUES ('8061e9feec9f', '86912b2f65de', '4cf6d4dec7d0', '111111');
INSERT INTO pcs_prc_dm_role_user (id, dmRole_id, domain_id, user_id) VALUES ('b882c6171f34', 'f1968b10de30', '4cf6d4dec7d0', '111111');
INSERT INTO pcs_prc_dm_role_user (id, dmRole_id, domain_id, user_id) VALUES ('e59fc2901e78', '37df0298b225', '4cf6d4dec7d0', '111111');
INSERT INTO pcs_prc_dm_role_user (id, dmRole_id, domain_id, user_id) VALUES ('f5f9f0e27116', '5150dd80ba74', 'f3fdc893ff25', '111111');
INSERT INTO pcs_prc_dm_role_user (id, dmrole_id, domain_id, user_id) VALUES ('7e0664131040', 'e49cbafa6f9e', '4c690ab87ce0', '111111');


INSERT INTO pcs_prc_role_user (id, role_id, user_id) VALUES ('38c0375b6adf', '32521b1d228f', '111111');
INSERT INTO pcs_prc_role_user (id, role_id, user_id) VALUES ('4df7c0dae8b5', '7dc47e805306', '111111');
INSERT INTO pcs_prc_role_user (id, role_id, user_id) VALUES ('78ddd5263ed6', 'f899d7406414', '111111');
INSERT INTO pcs_prc_role_user (id, role_id, user_id) VALUES ('be3d8a44ee5c', '958339ea47a6', '111111');
INSERT INTO pcs_prc_role_user (id, role_id, user_id) VALUES ('c9b6e4449057', '1', '111111');

INSERT INTO pcs_prc_function (id, name, code, parent_function_id, sort, type) VALUES ('4cdb5348a9ca', '添加项目', 'ProjectAdd', NULL, 26, '1');
INSERT INTO pcs_prc_function (id, name, code, parent_function_id, sort, type) VALUES ('428d1c69d167', '版本', 'ProjectVersion', NULL, 2, '2');
INSERT INTO pcs_prc_function (id, name, code, parent_function_id, sort, type) VALUES ('47fb980c2919', '消息中心', 'SysMessage', NULL, 2, '1');
INSERT INTO pcs_prc_function (id, name, code, parent_function_id, sort, type) VALUES ('dae13d309463', '项目集', 'ProjectSet', NULL, 35, '2');
INSERT INTO pcs_prc_function (id, name, code, parent_function_id, sort, type) VALUES ('1843bd5f5a73', '模块', 'Module', NULL, 37, '2');
INSERT INTO pcs_prc_function (id, name, code, parent_function_id, sort, type) VALUES ('1ff199504908', '迭代', 'Sprint', NULL, 4, '2');
INSERT INTO pcs_prc_function (id, name, code, parent_function_id, sort, type) VALUES ('2a6be8fda76f', '里程碑', 'Milestone', NULL, 5, '2');
INSERT INTO pcs_prc_function (id, name, code, parent_function_id, sort, type) VALUES ('72e68d34870e', '项目', 'Project', NULL, 1, '2');
INSERT INTO pcs_prc_function (id, name, code, parent_function_id, sort, type) VALUES ('fdb16c391ffc', '事项', 'WorkItem', NULL, 1, '2');
INSERT INTO pcs_prc_function (id, name, code, parent_function_id, sort, type) VALUES ('2f2548b9de7b', '添加项目集', 'ProjectSetAdd', NULL, 1, '1');
INSERT INTO pcs_prc_function (id, name, code, parent_function_id, sort, type) VALUES ('63fd58715558', '用户与权限', 'SysUserPrivilege', NULL, 0, '1');
INSERT INTO pcs_prc_function (id, name, code, parent_function_id, sort, type) VALUES ('6f46ee561c59', '应用', 'SysApplication', NULL, 7, '1');
INSERT INTO pcs_prc_function (id, name, code, parent_function_id, sort, type) VALUES ('b541fa884bc4', '安全', 'SysSecure', NULL, 6, '1');
INSERT INTO pcs_prc_function (id, name, code, parent_function_id, sort, type) VALUES ('063143949cc7', '流程中心', 'SysFlow', NULL, 4, '1');
INSERT INTO pcs_prc_function (id, name, code, parent_function_id, sort, type) VALUES ('290accfb27c3', '表单中心', 'SysForm', NULL, 3, '1');
INSERT INTO pcs_prc_function (id, name, code, parent_function_id, sort, type) VALUES ('6a23e16d5259', '系统集成', 'SysIntergrtion', NULL, 5, '1');
INSERT INTO pcs_prc_function (id, name, code, parent_function_id, sort, type) VALUES ('d7e0583f53e7', '删除事项', 'WorkItemDelete', 'fdb16c391ffc', 1, '2');
INSERT INTO pcs_prc_function (id, name, code, parent_function_id, sort, type) VALUES ('ce9b25e6cac7', '添加事项', 'WorkItemAdd', 'fdb16c391ffc', 1, '2');
INSERT INTO pcs_prc_function (id, name, code, parent_function_id, sort, type) VALUES ('0532f166f19e', '项目集权限', 'ProjectSetPrivilege', 'dae13d309463', 1, '2');
INSERT INTO pcs_prc_function (id, name, code, parent_function_id, sort, type) VALUES ('df306d70374c', '删除项目集', 'ProjectSetDelete', 'dae13d309463', 1, '2');
INSERT INTO pcs_prc_function (id, name, code, parent_function_id, sort, type) VALUES ('9538263abda4', '编辑项目集', 'ProjectSetEdit', 'dae13d309463', 36, '2');
INSERT INTO pcs_prc_function (id, name, code, parent_function_id, sort, type) VALUES ('66bd7120b0de', '关联项目', 'RelationProject', 'dae13d309463', 1, '2');
INSERT INTO pcs_prc_function (id, name, code, parent_function_id, sort, type) VALUES ('c90234e86fa7', '项目集成员', 'ProjectSetUser', 'dae13d309463', 1, '2');
INSERT INTO pcs_prc_function (id, name, code, parent_function_id, sort, type) VALUES ('d321f814467c', '工时记录', 'SysLog', 'b541fa884bc4', 2, '1');
INSERT INTO pcs_prc_function (id, name, code, parent_function_id, sort, type) VALUES ('a31585cbe3b0', '备份与恢复', 'SysBackups', 'b541fa884bc4', 2, '1');
INSERT INTO pcs_prc_function (id, name, code, parent_function_id, sort, type) VALUES ('aa2bd97ffce7', '删除版本', 'VersionDelete', '7d9b12620349', 1, '2');
INSERT INTO pcs_prc_function (id, name, code, parent_function_id, sort, type) VALUES ('3d513cb49e30', '添加版本', 'VersionAdd', '7d9b12620349', 1, '2');
INSERT INTO pcs_prc_function (id, name, code, parent_function_id, sort, type) VALUES ('556157bb8449', '添加版本事项', 'VersionWorkAdd', '7d9b12620349', 25, '2');
INSERT INTO pcs_prc_function (id, name, code, parent_function_id, sort, type) VALUES ('f4f16a0df8e4', '编辑版本', 'VersionEdit', '7d9b12620349', 1, '2');
INSERT INTO pcs_prc_function (id, name, code, parent_function_id, sort, type) VALUES ('094b29db8a89', '项目表单', 'ProjectForm', '72e68d34870e', 2, '2');
INSERT INTO pcs_prc_function (id, name, code, parent_function_id, sort, type) VALUES ('a3ee33eba363', '编辑项目', 'ProjectEdit', '72e68d34870e', 27, '2');
INSERT INTO pcs_prc_function (id, name, code, parent_function_id, sort, type) VALUES ('3a763b21fca2', '项目成员', 'ProjectUser', '72e68d34870e', 2, '2');
INSERT INTO pcs_prc_function (id, name, code, parent_function_id, sort, type) VALUES ('4c94d187cb44', '项目消息通知方案', 'ProjectMessagenotice', '72e68d34870e', 2, '2');
INSERT INTO pcs_prc_function (id, name, code, parent_function_id, sort, type) VALUES ('0e2c45a64049', '项目模块', 'ProjectModule', '72e68d34870e', 2, '2');
INSERT INTO pcs_prc_function (id, name, code, parent_function_id, sort, type) VALUES ('d3a09529d29d', '项目流程', 'ProjectFlow', '72e68d34870e', 2, '2');
INSERT INTO pcs_prc_function (id, name, code, parent_function_id, sort, type) VALUES ('dc6e2228367b', '项目事项类型', 'ProjectWorkType', '72e68d34870e', 2, '2');
INSERT INTO pcs_prc_function (id, name, code, parent_function_id, sort, type) VALUES ('d893af6f93ff', '删除项目', 'ProjectDelete', '72e68d34870e', 1, '2');
INSERT INTO pcs_prc_function (id, name, code, parent_function_id, sort, type) VALUES ('b8e5ccedad50', '项目权限', 'ProjectPrivilege', '72e68d34870e', 2, '2');
INSERT INTO pcs_prc_function (id, name, code, parent_function_id, sort, type) VALUES ('319ebd3d6b8e', '版本与许可证', 'SysVersion', '6f46ee561c59', 2, '1');
INSERT INTO pcs_prc_function (id, name, code, parent_function_id, sort, type) VALUES ('83e1789273f9', '应用访问权限', 'SysProductAuth', '6f46ee561c59', 2, '1');
INSERT INTO pcs_prc_function (id, name, code, parent_function_id, sort, type) VALUES ('d76e4402d3bd', 'JIRA', 'SysJira', '6a23e16d5259', 2, '1');
INSERT INTO pcs_prc_function (id, name, code, parent_function_id, sort, type) VALUES ('c6defc2abcd9', '地址配置', 'SysUrlData', '6a23e16d5259', 2, '1');
INSERT INTO pcs_prc_function (id, name, code, parent_function_id, sort, type) VALUES ('49e12c2b8fca', '权限', 'SysPermission', '63fd58715558', 1, '1');
INSERT INTO pcs_prc_function (id, name, code, parent_function_id, sort, type) VALUES ('a3eaab7107a3', '部门', 'SysOrga', '63fd58715558', 1, '1');
INSERT INTO pcs_prc_function (id, name, code, parent_function_id, sort, type) VALUES ('df897a6fb3f0', '用户目录', 'SysDir', '63fd58715558', 2, '1');
INSERT INTO pcs_prc_function (id, name, code, parent_function_id, sort, type) VALUES ('f8549b074ee3', '用户组', 'SysUsergroup', '63fd58715558', 2, '1');
INSERT INTO pcs_prc_function (id, name, code, parent_function_id, sort, type) VALUES ('7fdd41a5c770', '用户', 'SysUser', '63fd58715558', 2, '1');
INSERT INTO pcs_prc_function (id, name, code, parent_function_id, sort, type) VALUES ('c9efe0b7e166', '日志类型', 'SysLogType', '5d2518f49057', 51, '1');
INSERT INTO pcs_prc_function (id, name, code, parent_function_id, sort, type) VALUES ('3e642d400783', '日志模板', 'SysLogTemplate', '5d2518f49057', 50, '1');
INSERT INTO pcs_prc_function (id, name, code, parent_function_id, sort, type) VALUES ('4f3307200787', '操作日志', 'SysLogList', '5d2518f49057', 45, '1');
INSERT INTO pcs_prc_function (id, name, code, parent_function_id, sort, type) VALUES ('a11ca9e4559e', '消息通知方案', 'SysMessageNotice', '47fb980c2919', 1, '1');
INSERT INTO pcs_prc_function (id, name, code, parent_function_id, sort, type) VALUES ('746c3becb86f', '消息类型', 'SysMessageSendType', '47fb980c2919', 1, '1');
INSERT INTO pcs_prc_function (id, name, code, parent_function_id, sort, type) VALUES ('fa03f824ef14', '添加版本', 'ProjectVersionAdd', '428d1c69d167', 2, '2');
INSERT INTO pcs_prc_function (id, name, code, parent_function_id, sort, type) VALUES ('bef27cf6bbb3', '删除版本', 'ProjectVersionDelete', '428d1c69d167', 2, '2');
INSERT INTO pcs_prc_function (id, name, code, parent_function_id, sort, type) VALUES ('a685bb7ae67c', '编辑版本', 'ProjectVersionEdit', '428d1c69d167', 2, '2');
INSERT INTO pcs_prc_function (id, name, code, parent_function_id, sort, type) VALUES ('d3447a36dd98', '删除里程碑', 'MilestoneDele', '2a6be8fda76f', 1, '2');
INSERT INTO pcs_prc_function (id, name, code, parent_function_id, sort, type) VALUES ('da52f90b3707', '添加里程碑', 'MilestoneAdd', '2a6be8fda76f', 1, '2');
INSERT INTO pcs_prc_function (id, name, code, parent_function_id, sort, type) VALUES ('abe6fffaae63', '编辑里程碑', 'MilestoneEdit', '2a6be8fda76f', 1, '2');
INSERT INTO pcs_prc_function (id, name, code, parent_function_id, sort, type) VALUES ('519fc38f6390', '字段', 'SysField', '290accfb27c3', 0, '1');
INSERT INTO pcs_prc_function (id, name, code, parent_function_id, sort, type) VALUES ('8d33e4945151', '表单', 'SysFormList', '290accfb27c3', 1, '1');
INSERT INTO pcs_prc_function (id, name, code, parent_function_id, sort, type) VALUES ('7c8652d3e2f0', '字段类型', 'SysFieldType', '290accfb27c3', 0, '1');
INSERT INTO pcs_prc_function (id, name, code, parent_function_id, sort, type) VALUES ('bfbb4a6b97a4', '删除迭代', 'SprintDelete', '1ff199504908', 28, '2');
INSERT INTO pcs_prc_function (id, name, code, parent_function_id, sort, type) VALUES ('5386b5add6a5', '编辑迭代', 'SprintEdit', '1ff199504908', 1, '2');
INSERT INTO pcs_prc_function (id, name, code, parent_function_id, sort, type) VALUES ('09a64b79b631', '添加迭代', 'SpintAdd', '1ff199504908', 1, '2');
INSERT INTO pcs_prc_function (id, name, code, parent_function_id, sort, type) VALUES ('4b982e213c12', '编辑模块', 'ModuleEdit', '1843bd5f5a73', 39, '2');
INSERT INTO pcs_prc_function (id, name, code, parent_function_id, sort, type) VALUES ('b80a4416f42f', '添加模块', 'ModuleAdd', '1843bd5f5a73', 38, '2');
INSERT INTO pcs_prc_function (id, name, code, parent_function_id, sort, type) VALUES ('97c93ffe00c9', '组织管理', 'SysOrga', '1465dc3ae3c4', NULL, '2');
INSERT INTO pcs_prc_function (id, name, code, parent_function_id, sort, type) VALUES ('86db94ef62a6', '用户管理', 'SysUser', '1465dc3ae3c4', NULL, '2');
INSERT INTO pcs_prc_function (id, name, code, parent_function_id, sort, type) VALUES ('de21752872e9', '流程状态', 'SysFlowNode', '063143949cc7', 43, '1');
INSERT INTO pcs_prc_function (id, name, code, parent_function_id, sort, type) VALUES ('025e702fc3c4', '流程列表', 'SysFlowList', '063143949cc7', 42, '1');
INSERT INTO pcs_prc_function (id, name, code, parent_function_id, sort, type) VALUES ('ce3d831118c5', '事项类型', 'SysWorkType', NULL, 1, '1');



INSERT INTO pcs_prc_role_function (id, role_id, function_id) VALUES ('3762f0cb3200', '111111', 'wqre9998fc00');
INSERT INTO pcs_prc_role_function (id, role_id, function_id) VALUES ('73a38f876a05', '111111', '43e7d41decf7');
INSERT INTO pcs_prc_role_function (id, role_id, function_id) VALUES ('7d4077bc3e5b', '111111', 'hfg5371be8ec');
INSERT INTO pcs_prc_role_function (id, role_id, function_id) VALUES ('3d9971cdae91', '111111', 'oug5371be8ec');
INSERT INTO pcs_prc_role_function (id, role_id, function_id) VALUES ('b4eba526a257', '111111', 'hf43e412151e');
INSERT INTO pcs_prc_role_function (id, role_id, function_id) VALUES ('644f5abac3f9', '111111', '4235d2624bdf');
INSERT INTO pcs_prc_role_function (id, role_id, function_id) VALUES ('26bd3a824a71', '111111', '746c3becb86f');
INSERT INTO pcs_prc_role_function (id, role_id, function_id) VALUES ('e9cd00dceb42', '111111', 'a11ca9e4559e');
INSERT INTO pcs_prc_role_function (id, role_id, function_id) VALUES ('caef4f8c6a7b', '111111', '47fb980c2919');
INSERT INTO pcs_prc_role_function (id, role_id, function_id) VALUES ('d00ffce2f3a9', '111111', 'd76e4402d3bd');
INSERT INTO pcs_prc_role_function (id, role_id, function_id) VALUES ('0563f04b2429', '111111', 'c6defc2abcd9');
INSERT INTO pcs_prc_role_function (id, role_id, function_id) VALUES ('c13f5bfe5ee1', '111111', '6a23e16d5259');
INSERT INTO pcs_prc_role_function (id, role_id, function_id) VALUES ('64a436a34a18', '111111', '49e12c2b8fca');
INSERT INTO pcs_prc_role_function (id, role_id, function_id) VALUES ('fc301f3a4a46', '111111', '7fdd41a5c770');
INSERT INTO pcs_prc_role_function (id, role_id, function_id) VALUES ('22fc042ef39e', '111111', 'df897a6fb3f0');
INSERT INTO pcs_prc_role_function (id, role_id, function_id) VALUES ('df2cae31e0d9', '111111', 'f8549b074ee3');
INSERT INTO pcs_prc_role_function (id, role_id, function_id) VALUES ('b8f4b6c5e543', '111111', 'a3eaab7107a3');
INSERT INTO pcs_prc_role_function (id, role_id, function_id) VALUES ('c88beb6004c5', '111111', '63fd58715558');
INSERT INTO pcs_prc_role_function (id, role_id, function_id) VALUES ('ab64e9caac32', '111111', '519fc38f6390');
INSERT INTO pcs_prc_role_function (id, role_id, function_id) VALUES ('b58c3e5a13ca', '111111', '7c8652d3e2f0');
INSERT INTO pcs_prc_role_function (id, role_id, function_id) VALUES ('150d600e4a41', '111111', '8d33e4945151');
INSERT INTO pcs_prc_role_function (id, role_id, function_id) VALUES ('7052019e2400', '111111', '290accfb27c3');
INSERT INTO pcs_prc_role_function (id, role_id, function_id) VALUES ('29d04ad1b15f', '111111', '025e702fc3c4');
INSERT INTO pcs_prc_role_function (id, role_id, function_id) VALUES ('ca22a03cd0f9', '111111', 'de21752872e9');
INSERT INTO pcs_prc_role_function (id, role_id, function_id) VALUES ('ab584b22b671', '111111', '063143949cc7');
INSERT INTO pcs_prc_role_function (id, role_id, function_id) VALUES ('0a36ac8b8521', '111111', '9633d9475886');
INSERT INTO pcs_prc_role_function (id, role_id, function_id) VALUES ('46deefcec673', '111111', 'dd81bdbb52bc');
INSERT INTO pcs_prc_role_function (id, role_id, function_id) VALUES ('ad903a4232d3', '111111', '57a3bcd1e5fe');
INSERT INTO pcs_prc_role_function (id, role_id, function_id) VALUES ('b1c32bf55535', '111111', '428be660dea3');
INSERT INTO pcs_prc_role_function (id, role_id, function_id) VALUES ('56011b6eee90', '111111', '5fb7863b09a8');
INSERT INTO pcs_prc_role_function (id, role_id, function_id) VALUES ('59b0280c6842', '111111', 'e5b34be19fab');
INSERT INTO pcs_prc_role_function (id, role_id, function_id) VALUES ('d43b6bcd24e3', '111111', '4cc4e67319a0');
INSERT INTO pcs_prc_role_function (id, role_id, function_id) VALUES ('d50ea78198ed', '111111', 'cb6c8c3f4048');
INSERT INTO pcs_prc_role_function (id, role_id, function_id) VALUES ('529cc51eca7c', '111111', '64bdf62686a4');
INSERT INTO pcs_prc_role_function (id, role_id, function_id) VALUES ('2d0152344005', '111111', 'a31585cbe3b0');
INSERT INTO pcs_prc_role_function (id, role_id, function_id) VALUES ('7692bed68c7a', '111111', 'd321f814467c');
INSERT INTO pcs_prc_role_function (id, role_id, function_id) VALUES ('a8d6e18f0cde', '111111', 'b541fa884bc4');
INSERT INTO pcs_prc_role_function (id, role_id, function_id) VALUES ('c894c04bb072', '111111', '83e1789273f9');
INSERT INTO pcs_prc_role_function (id, role_id, function_id) VALUES ('2fd64e907d17', '111111', '319ebd3d6b8e');
INSERT INTO pcs_prc_role_function (id, role_id, function_id) VALUES ('10c62c1760c9', '111111', '6f46ee561c59');
INSERT INTO pcs_prc_role_function (id, role_id, function_id) VALUES ('55afca6643b6', '111111', 'e8bf9843bc9d');
INSERT INTO pcs_prc_role_function (id, role_id, function_id) VALUES ('04cac12d3907', '111111', 'cb954a7c0be3');
INSERT INTO pcs_prc_role_function (id, role_id, function_id) VALUES ('b31407927a70', '111111', '9c99b8a096c8');
INSERT INTO pcs_prc_role_function (id, role_id, function_id) VALUES ('d8f2f3610902', '111111', '325c2503007f');
INSERT INTO pcs_prc_role_function (id, role_id, function_id) VALUES ('fe2346dbaee1', '111111', '6b61fbe5091a');
INSERT INTO pcs_prc_role_function (id, role_id, function_id) VALUES ('2db29e3a7265', '111111', '043e412151db');
INSERT INTO pcs_prc_role_function (id, role_id, function_id) VALUES ('9d023407a042', '111111', '925371be8ec6');
INSERT INTO pcs_prc_role_function (id, role_id, function_id) VALUES ('3d2e386ae0e5', '111111', '447d9998fc00');
INSERT INTO pcs_prc_role_function (id, role_id, function_id) VALUES ('05d58efda727', '111111', '890e7d41decf');
INSERT INTO pcs_prc_role_function (id, role_id, function_id) VALUES ('06141aef31b7', '111111', '585d26bcbdf3');
INSERT INTO pcs_prc_role_function (id, role_id, function_id) VALUES ('57fe206929e5', '111111', 'fdb16c391ffc');
INSERT INTO pcs_prc_role_function (id, role_id, function_id) VALUES ('18af7e2489aa', '111111', '4cdb5348a9ca');
INSERT INTO pcs_prc_role_function (id, role_id, function_id) VALUES ('0bb5a790f3fe', '111111', '2f2548b9de7b');
INSERT INTO pcs_prc_role_function (id, role_id, function_id) VALUES ('2ada60a94571', '77f512ab7c53', '025e702fc3c4');
INSERT INTO pcs_prc_role_function (id, role_id, function_id) VALUES ('36ab21888a1c', '77f512ab7c53', 'de21752872e9');
INSERT INTO pcs_prc_role_function (id, role_id, function_id) VALUES ('cf748db9aac7', '77f512ab7c53', '063143949cc7');
INSERT INTO pcs_prc_role_function (id, role_id, function_id) VALUES ('8daf7a6a9c2b', '77f512ab7c53', 'fdb16c391ffc');
INSERT INTO pcs_prc_role_function (id, role_id, function_id) VALUES ('c9970b023e15', '77f512ab7c53', '519fc38f6390');
INSERT INTO pcs_prc_role_function (id, role_id, function_id) VALUES ('e8822e7a0c61', '77f512ab7c53', '7c8652d3e2f0');
INSERT INTO pcs_prc_role_function (id, role_id, function_id) VALUES ('14ec30623497', '77f512ab7c53', '8d33e4945151');
INSERT INTO pcs_prc_role_function (id, role_id, function_id) VALUES ('05c2cbc4b6e0', '77f512ab7c53', '290accfb27c3');
INSERT INTO pcs_prc_role_function (id, role_id, function_id) VALUES ('2f0edf54f890', '2', 'b80a4416f42f');
INSERT INTO pcs_prc_role_function (id, role_id, function_id) VALUES ('0de19120a6c6', '2', '4b982e213c12');
INSERT INTO pcs_prc_role_function (id, role_id, function_id) VALUES ('9453eb2c0461', '2', '1843bd5f5a73');
INSERT INTO pcs_prc_role_function (id, role_id, function_id) VALUES ('e01224d7deaf', '2', 'bfbb4a6b97a4');
INSERT INTO pcs_prc_role_function (id, role_id, function_id) VALUES ('53df64354c17', '2', '09a64b79b631');
INSERT INTO pcs_prc_role_function (id, role_id, function_id) VALUES ('ebcb96e51e89', '2', '5386b5add6a5');
INSERT INTO pcs_prc_role_function (id, role_id, function_id) VALUES ('0a580bd5d4e0', '2', '1ff199504908');
INSERT INTO pcs_prc_role_function (id, role_id, function_id) VALUES ('d89a047e47be', '2', 'd893af6f93ff');
INSERT INTO pcs_prc_role_function (id, role_id, function_id) VALUES ('13149e2dfc87', '2', 'a3ee33eba363');
INSERT INTO pcs_prc_role_function (id, role_id, function_id) VALUES ('f83bfab7f0d9', '2', 'dc6e2228367b');
INSERT INTO pcs_prc_role_function (id, role_id, function_id) VALUES ('86aca91f6148', '2', '3a763b21fca2');
INSERT INTO pcs_prc_role_function (id, role_id, function_id) VALUES ('69953bf76c89', '2', 'b8e5ccedad50');
INSERT INTO pcs_prc_role_function (id, role_id, function_id) VALUES ('41e1d309ae32', '2', '0e2c45a64049');
INSERT INTO pcs_prc_role_function (id, role_id, function_id) VALUES ('5807e49fa99d', '2', 'd3a09529d29d');
INSERT INTO pcs_prc_role_function (id, role_id, function_id) VALUES ('bb3f06617f61', '2', '4c94d187cb44');
INSERT INTO pcs_prc_role_function (id, role_id, function_id) VALUES ('103c47788696', '2', '094b29db8a89');
INSERT INTO pcs_prc_role_function (id, role_id, function_id) VALUES ('1d843816b352', '2', '72e68d34870e');
INSERT INTO pcs_prc_role_function (id, role_id, function_id) VALUES ('3eae327d9f0c', '2', 'd3447a36dd98');
INSERT INTO pcs_prc_role_function (id, role_id, function_id) VALUES ('898928fa9a39', '2', 'da52f90b3707');
INSERT INTO pcs_prc_role_function (id, role_id, function_id) VALUES ('f57588fd6d4a', '2', 'abe6fffaae63');
INSERT INTO pcs_prc_role_function (id, role_id, function_id) VALUES ('a6bc98bc13e7', '2', '2a6be8fda76f');
INSERT INTO pcs_prc_role_function (id, role_id, function_id) VALUES ('47ac8001460d', '2', '66bd7120b0de');
INSERT INTO pcs_prc_role_function (id, role_id, function_id) VALUES ('3aa4f15cc554', '2', 'df306d70374c');
INSERT INTO pcs_prc_role_function (id, role_id, function_id) VALUES ('fc7a4a28f5da', '2', '9538263abda4');
INSERT INTO pcs_prc_role_function (id, role_id, function_id) VALUES ('1163c89150c7', '2', 'c90234e86fa7');
INSERT INTO pcs_prc_role_function (id, role_id, function_id) VALUES ('4d7d8f125385', '2', '0532f166f19e');
INSERT INTO pcs_prc_role_function (id, role_id, function_id) VALUES ('f6ffc686d3bb', '2', 'dae13d309463');
INSERT INTO pcs_prc_role_function (id, role_id, function_id) VALUES ('2474ce5ab6de', '2', 'bef27cf6bbb3');
INSERT INTO pcs_prc_role_function (id, role_id, function_id) VALUES ('5bd32f863776', '2', 'fa03f824ef14');
INSERT INTO pcs_prc_role_function (id, role_id, function_id) VALUES ('03e54caf290d', '2', 'a685bb7ae67c');
INSERT INTO pcs_prc_role_function (id, role_id, function_id) VALUES ('ad448f4f9071', '2', '428d1c69d167');
INSERT INTO pcs_prc_role_function (id, role_id, function_id) VALUES ('3483bf3c26a5', '2', 'd7e0583f53e7');
INSERT INTO pcs_prc_role_function (id, role_id, function_id) VALUES ('05cffae15d7f', '2', 'ce9b25e6cac7');
INSERT INTO pcs_prc_role_function (id, role_id, function_id) VALUES ('78dc89a38e0b', '2', 'fdb16c391ffc');
INSERT INTO pcs_prc_role_function (id, role_id, function_id) VALUES ('a5b60f2973e6', '32521b1d228f', 'b80a4416f42f');
INSERT INTO pcs_prc_role_function (id, role_id, function_id) VALUES ('4b11416e6547', '32521b1d228f', '4b982e213c12');
INSERT INTO pcs_prc_role_function (id, role_id, function_id) VALUES ('492ff0ca3c96', '32521b1d228f', '1843bd5f5a73');
INSERT INTO pcs_prc_role_function (id, role_id, function_id) VALUES ('bff0787e7250', '32521b1d228f', 'bfbb4a6b97a4');
INSERT INTO pcs_prc_role_function (id, role_id, function_id) VALUES ('191f083fcf62', '32521b1d228f', '09a64b79b631');
INSERT INTO pcs_prc_role_function (id, role_id, function_id) VALUES ('d49b379fd519', '32521b1d228f', '5386b5add6a5');
INSERT INTO pcs_prc_role_function (id, role_id, function_id) VALUES ('da8bb4d8c42f', '32521b1d228f', '1ff199504908');
INSERT INTO pcs_prc_role_function (id, role_id, function_id) VALUES ('6647011a4512', '32521b1d228f', 'd3447a36dd98');
INSERT INTO pcs_prc_role_function (id, role_id, function_id) VALUES ('ab7bd509992e', '32521b1d228f', 'da52f90b3707');
INSERT INTO pcs_prc_role_function (id, role_id, function_id) VALUES ('0e9b7768f891', '32521b1d228f', 'abe6fffaae63');
INSERT INTO pcs_prc_role_function (id, role_id, function_id) VALUES ('c16d92328991', '32521b1d228f', '2a6be8fda76f');
INSERT INTO pcs_prc_role_function (id, role_id, function_id) VALUES ('9198e3aa77c2', '32521b1d228f', 'd893af6f93ff');
INSERT INTO pcs_prc_role_function (id, role_id, function_id) VALUES ('582155a146c4', '32521b1d228f', 'a3ee33eba363');
INSERT INTO pcs_prc_role_function (id, role_id, function_id) VALUES ('b2aed6c46095', '32521b1d228f', 'dc6e2228367b');
INSERT INTO pcs_prc_role_function (id, role_id, function_id) VALUES ('bc55c614e2d5', '32521b1d228f', '3a763b21fca2');
INSERT INTO pcs_prc_role_function (id, role_id, function_id) VALUES ('7b0ed040ec78', '32521b1d228f', 'b8e5ccedad50');
INSERT INTO pcs_prc_role_function (id, role_id, function_id) VALUES ('9130694190b1', '32521b1d228f', '0e2c45a64049');
INSERT INTO pcs_prc_role_function (id, role_id, function_id) VALUES ('28a351729148', '32521b1d228f', 'd3a09529d29d');
INSERT INTO pcs_prc_role_function (id, role_id, function_id) VALUES ('6d849871d79d', '32521b1d228f', '4c94d187cb44');
INSERT INTO pcs_prc_role_function (id, role_id, function_id) VALUES ('f7a2a4b29299', '32521b1d228f', '094b29db8a89');
INSERT INTO pcs_prc_role_function (id, role_id, function_id) VALUES ('a5eff261efbe', '32521b1d228f', '72e68d34870e');
INSERT INTO pcs_prc_role_function (id, role_id, function_id) VALUES ('9134114d36ea', '32521b1d228f', '66bd7120b0de');
INSERT INTO pcs_prc_role_function (id, role_id, function_id) VALUES ('e6607e431555', '32521b1d228f', 'df306d70374c');
INSERT INTO pcs_prc_role_function (id, role_id, function_id) VALUES ('aa94c182c45e', '32521b1d228f', '9538263abda4');
INSERT INTO pcs_prc_role_function (id, role_id, function_id) VALUES ('31d6c84dd5d5', '32521b1d228f', 'c90234e86fa7');
INSERT INTO pcs_prc_role_function (id, role_id, function_id) VALUES ('d3603760a3f7', '32521b1d228f', '0532f166f19e');
INSERT INTO pcs_prc_role_function (id, role_id, function_id) VALUES ('4d3011e3b23b', '32521b1d228f', 'dae13d309463');
INSERT INTO pcs_prc_role_function (id, role_id, function_id) VALUES ('3e1b8445f751', '32521b1d228f', 'bef27cf6bbb3');
INSERT INTO pcs_prc_role_function (id, role_id, function_id) VALUES ('cef12e39dce5', '32521b1d228f', 'fa03f824ef14');
INSERT INTO pcs_prc_role_function (id, role_id, function_id) VALUES ('747c27d84ac3', '1', 'wqre9998fc00');
INSERT INTO pcs_prc_role_function (id, role_id, function_id) VALUES ('7aa1d7d5f85b', '1', '43e7d41decf7');
INSERT INTO pcs_prc_role_function (id, role_id, function_id) VALUES ('1e41072015b7', '1', 'hfg5371be8ec');
INSERT INTO pcs_prc_role_function (id, role_id, function_id) VALUES ('468f8861e979', '1', 'oug5371be8ec');
INSERT INTO pcs_prc_role_function (id, role_id, function_id) VALUES ('24986f892088', '1', 'hf43e412151e');
INSERT INTO pcs_prc_role_function (id, role_id, function_id) VALUES ('0641604dee13', '1', '4235d2624bdf');
INSERT INTO pcs_prc_role_function (id, role_id, function_id) VALUES ('aba22b0ecadd', '1', '746c3becb86f');
INSERT INTO pcs_prc_role_function (id, role_id, function_id) VALUES ('44102c69d39b', '1', 'a11ca9e4559e');
INSERT INTO pcs_prc_role_function (id, role_id, function_id) VALUES ('7594da39fc4b', '1', '47fb980c2919');
INSERT INTO pcs_prc_role_function (id, role_id, function_id) VALUES ('b6807a4252bd', '1', 'd76e4402d3bd');
INSERT INTO pcs_prc_role_function (id, role_id, function_id) VALUES ('f5bb743f440b', '1', 'c6defc2abcd9');
INSERT INTO pcs_prc_role_function (id, role_id, function_id) VALUES ('470166e33735', '1', '6a23e16d5259');
INSERT INTO pcs_prc_role_function (id, role_id, function_id) VALUES ('4a60ea938fcc', '1', '49e12c2b8fca');
INSERT INTO pcs_prc_role_function (id, role_id, function_id) VALUES ('5892a14c3663', '1', '7fdd41a5c770');
INSERT INTO pcs_prc_role_function (id, role_id, function_id) VALUES ('75010ff29953', '1', 'df897a6fb3f0');
INSERT INTO pcs_prc_role_function (id, role_id, function_id) VALUES ('cf8096ec01e5', '1', 'f8549b074ee3');
INSERT INTO pcs_prc_role_function (id, role_id, function_id) VALUES ('e9ceeb1424b2', '1', 'a3eaab7107a3');
INSERT INTO pcs_prc_role_function (id, role_id, function_id) VALUES ('5105bcd02009', '1', '63fd58715558');
INSERT INTO pcs_prc_role_function (id, role_id, function_id) VALUES ('20bc8d402731', '1', '519fc38f6390');
INSERT INTO pcs_prc_role_function (id, role_id, function_id) VALUES ('74e1197f0654', '1', '7c8652d3e2f0');
INSERT INTO pcs_prc_role_function (id, role_id, function_id) VALUES ('83f52ad86056', '1', '8d33e4945151');
INSERT INTO pcs_prc_role_function (id, role_id, function_id) VALUES ('023b07f3afb2', '1', '290accfb27c3');
INSERT INTO pcs_prc_role_function (id, role_id, function_id) VALUES ('829f79e6fd83', '1', '025e702fc3c4');
INSERT INTO pcs_prc_role_function (id, role_id, function_id) VALUES ('e2a9585fb7f9', '1', 'de21752872e9');
INSERT INTO pcs_prc_role_function (id, role_id, function_id) VALUES ('96be2c481721', '1', '063143949cc7');
INSERT INTO pcs_prc_role_function (id, role_id, function_id) VALUES ('8a716064c58a', '1', '9633d9475886');
INSERT INTO pcs_prc_role_function (id, role_id, function_id) VALUES ('8a83c20f56ca', '1', 'dd81bdbb52bc');
INSERT INTO pcs_prc_role_function (id, role_id, function_id) VALUES ('eb05cd3460bf', '1', '57a3bcd1e5fe');
INSERT INTO pcs_prc_role_function (id, role_id, function_id) VALUES ('33132ea1af2e', '1', '428be660dea3');
INSERT INTO pcs_prc_role_function (id, role_id, function_id) VALUES ('70f05ca07496', '1', '5fb7863b09a8');
INSERT INTO pcs_prc_role_function (id, role_id, function_id) VALUES ('c1d683b4174f', '1', 'e5b34be19fab');
INSERT INTO pcs_prc_role_function (id, role_id, function_id) VALUES ('d3262ab3fdc1', '1', '4cc4e67319a0');
INSERT INTO pcs_prc_role_function (id, role_id, function_id) VALUES ('20f7965df822', '1', 'cb6c8c3f4048');
INSERT INTO pcs_prc_role_function (id, role_id, function_id) VALUES ('2c898bc43dd5', '1', '64bdf62686a4');
INSERT INTO pcs_prc_role_function (id, role_id, function_id) VALUES ('d7d4550f927c', '1', 'a31585cbe3b0');
INSERT INTO pcs_prc_role_function (id, role_id, function_id) VALUES ('071ac66e69fc', '1', 'd321f814467c');
INSERT INTO pcs_prc_role_function (id, role_id, function_id) VALUES ('32a10567f89a', '1', 'b541fa884bc4');
INSERT INTO pcs_prc_role_function (id, role_id, function_id) VALUES ('1641a80ee0e0', '1', '83e1789273f9');
INSERT INTO pcs_prc_role_function (id, role_id, function_id) VALUES ('13d811fdcb8c', '1', '319ebd3d6b8e');
INSERT INTO pcs_prc_role_function (id, role_id, function_id) VALUES ('491ba72faa11', '1', '6f46ee561c59');
INSERT INTO pcs_prc_role_function (id, role_id, function_id) VALUES ('dc6b4ee6c624', '1', 'e8bf9843bc9d');
INSERT INTO pcs_prc_role_function (id, role_id, function_id) VALUES ('af86b4dc05b1', '1', 'cb954a7c0be3');
INSERT INTO pcs_prc_role_function (id, role_id, function_id) VALUES ('4ffbb5c7bf36', '1', '9c99b8a096c8');
INSERT INTO pcs_prc_role_function (id, role_id, function_id) VALUES ('bc3bce8a48a8', '1', '325c2503007f');
INSERT INTO pcs_prc_role_function (id, role_id, function_id) VALUES ('e6bd6a6bde93', '1', '6b61fbe5091a');
INSERT INTO pcs_prc_role_function (id, role_id, function_id) VALUES ('3b369c3f2ca0', '1', '043e412151db');
INSERT INTO pcs_prc_role_function (id, role_id, function_id) VALUES ('09ecf48a8ecf', '1', '925371be8ec6');
INSERT INTO pcs_prc_role_function (id, role_id, function_id) VALUES ('823b14dadbc9', '1', '447d9998fc00');
INSERT INTO pcs_prc_role_function (id, role_id, function_id) VALUES ('8e171bc09442', '1', '890e7d41decf');
INSERT INTO pcs_prc_role_function (id, role_id, function_id) VALUES ('3646ad6498a8', '1', '585d26bcbdf3');
INSERT INTO pcs_prc_role_function (id, role_id, function_id) VALUES ('8d1a43e2d920', '1', 'fdb16c391ffc');
INSERT INTO pcs_prc_role_function (id, role_id, function_id) VALUES ('8d57f32a7664', '1', '2f2548b9de7b');
INSERT INTO pcs_prc_role_function (id, role_id, function_id) VALUES ('ec820aab76d8', '1', '4cdb5348a9ca');
INSERT INTO pcs_prc_role_function (id, role_id, function_id) VALUES ('f7d131cc41e7', 'pro_111111', 'b80a4416f42f');
INSERT INTO pcs_prc_role_function (id, role_id, function_id) VALUES ('dd87835afdbf', 'pro_111111', '4b982e213c12');
INSERT INTO pcs_prc_role_function (id, role_id, function_id) VALUES ('83257e47c2d8', 'pro_111111', '1843bd5f5a73');
INSERT INTO pcs_prc_role_function (id, role_id, function_id) VALUES ('a7ceec8914fe', 'pro_111111', 'bfbb4a6b97a4');
INSERT INTO pcs_prc_role_function (id, role_id, function_id) VALUES ('aa22be52ec3d', 'pro_111111', '09a64b79b631');
INSERT INTO pcs_prc_role_function (id, role_id, function_id) VALUES ('542108f672fe', 'pro_111111', '5386b5add6a5');
INSERT INTO pcs_prc_role_function (id, role_id, function_id) VALUES ('c9e6c761fc6c', 'pro_111111', '1ff199504908');
INSERT INTO pcs_prc_role_function (id, role_id, function_id) VALUES ('9bcadb73d70d', 'pro_111111', 'd3447a36dd98');
INSERT INTO pcs_prc_role_function (id, role_id, function_id) VALUES ('685d6c9bde0d', 'pro_111111', 'da52f90b3707');
INSERT INTO pcs_prc_role_function (id, role_id, function_id) VALUES ('7a47a3724f1e', 'pro_111111', 'abe6fffaae63');
INSERT INTO pcs_prc_role_function (id, role_id, function_id) VALUES ('5661e86fe355', 'pro_111111', '2a6be8fda76f');
INSERT INTO pcs_prc_role_function (id, role_id, function_id) VALUES ('f60dc114345e', 'pro_111111', 'd893af6f93ff');
INSERT INTO pcs_prc_role_function (id, role_id, function_id) VALUES ('2b1279af210c', 'pro_111111', 'a3ee33eba363');
INSERT INTO pcs_prc_role_function (id, role_id, function_id) VALUES ('42754514db7a', 'pro_111111', 'dc6e2228367b');
INSERT INTO pcs_prc_role_function (id, role_id, function_id) VALUES ('bf3a67d60b48', 'pro_111111', '3a763b21fca2');
INSERT INTO pcs_prc_role_function (id, role_id, function_id) VALUES ('8290749d873f', 'pro_111111', 'b8e5ccedad50');
INSERT INTO pcs_prc_role_function (id, role_id, function_id) VALUES ('a8631c499586', 'pro_111111', '0e2c45a64049');
INSERT INTO pcs_prc_role_function (id, role_id, function_id) VALUES ('98195bdf2247', 'pro_111111', 'd3a09529d29d');
INSERT INTO pcs_prc_role_function (id, role_id, function_id) VALUES ('02f6e5c7042c', 'pro_111111', '4c94d187cb44');
INSERT INTO pcs_prc_role_function (id, role_id, function_id) VALUES ('2457072cd709', 'pro_111111', '094b29db8a89');
INSERT INTO pcs_prc_role_function (id, role_id, function_id) VALUES ('b92072d34105', 'pro_111111', '72e68d34870e');
INSERT INTO pcs_prc_role_function (id, role_id, function_id) VALUES ('2604d7e3b26d', 'pro_111111', '66bd7120b0de');
INSERT INTO pcs_prc_role_function (id, role_id, function_id) VALUES ('1fdcb9f25b04', 'pro_111111', 'df306d70374c');
INSERT INTO pcs_prc_role_function (id, role_id, function_id) VALUES ('d196d9632064', 'pro_111111', '9538263abda4');
INSERT INTO pcs_prc_role_function (id, role_id, function_id) VALUES ('098b819e2a34', 'pro_111111', 'c90234e86fa7');
INSERT INTO pcs_prc_role_function (id, role_id, function_id) VALUES ('2303c7165be9', 'pro_111111', '0532f166f19e');
INSERT INTO pcs_prc_role_function (id, role_id, function_id) VALUES ('490244ea684e', 'pro_111111', 'dae13d309463');
INSERT INTO pcs_prc_role_function (id, role_id, function_id) VALUES ('7a8f4a3afd21', 'pro_111111', 'bef27cf6bbb3');
INSERT INTO pcs_prc_role_function (id, role_id, function_id) VALUES ('733209f97f0a', 'pro_111111', 'fa03f824ef14');
INSERT INTO pcs_prc_role_function (id, role_id, function_id) VALUES ('6662a1872d08', 'pro_111111', 'a685bb7ae67c');
INSERT INTO pcs_prc_role_function (id, role_id, function_id) VALUES ('0cf6cfd9ac06', 'pro_111111', '428d1c69d167');
INSERT INTO pcs_prc_role_function (id, role_id, function_id) VALUES ('76f086cfde9f', 'pro_111111', 'd7e0583f53e7');
INSERT INTO pcs_prc_role_function (id, role_id, function_id) VALUES ('ffa1a5ea9176', 'pro_111111', 'ce9b25e6cac7');
INSERT INTO pcs_prc_role_function (id, role_id, function_id) VALUES ('228c4712593d', 'pro_111111', 'fdb16c391ffc');
INSERT INTO pcs_prc_role_function (id, role_id, function_id) VALUES ('df7a7a6d1a02', '32521b1d228f', 'a685bb7ae67c');
INSERT INTO pcs_prc_role_function (id, role_id, function_id) VALUES ('4d72a1bf0e0f', '32521b1d228f', '428d1c69d167');
INSERT INTO pcs_prc_role_function (id, role_id, function_id) VALUES ('f1d888ab8eba', '32521b1d228f', 'd7e0583f53e7');
INSERT INTO pcs_prc_role_function (id, role_id, function_id) VALUES ('cc412f63d059', '32521b1d228f', 'ce9b25e6cac7');
INSERT INTO pcs_prc_role_function (id, role_id, function_id) VALUES ('8812d1283b4b', '32521b1d228f', 'fdb16c391ffc');
INSERT INTO pcs_prc_role_function (id, role_id, function_id) VALUES ('d4251f93b0d7', '7fd9ce1c7be1', 'b80a4416f42f');
INSERT INTO pcs_prc_role_function (id, role_id, function_id) VALUES ('4a8cfff90032', '7fd9ce1c7be1', '4b982e213c12');
INSERT INTO pcs_prc_role_function (id, role_id, function_id) VALUES ('13435e195788', '7fd9ce1c7be1', '1843bd5f5a73');
INSERT INTO pcs_prc_role_function (id, role_id, function_id) VALUES ('244991462106', '7fd9ce1c7be1', 'bfbb4a6b97a4');
INSERT INTO pcs_prc_role_function (id, role_id, function_id) VALUES ('57acf38b78df', '7fd9ce1c7be1', '09a64b79b631');
INSERT INTO pcs_prc_role_function (id, role_id, function_id) VALUES ('e3de5c7bf4e6', '7fd9ce1c7be1', '5386b5add6a5');
INSERT INTO pcs_prc_role_function (id, role_id, function_id) VALUES ('64eec67b11b0', '7fd9ce1c7be1', '1ff199504908');
INSERT INTO pcs_prc_role_function (id, role_id, function_id) VALUES ('19e494be6109', '7fd9ce1c7be1', 'bef27cf6bbb3');
INSERT INTO pcs_prc_role_function (id, role_id, function_id) VALUES ('ab3623aa41ba', '7fd9ce1c7be1', 'fa03f824ef14');
INSERT INTO pcs_prc_role_function (id, role_id, function_id) VALUES ('243b33f2275b', '7fd9ce1c7be1', 'a685bb7ae67c');
INSERT INTO pcs_prc_role_function (id, role_id, function_id) VALUES ('ac1fc8073e43', '7fd9ce1c7be1', '428d1c69d167');
INSERT INTO pcs_prc_role_function (id, role_id, function_id) VALUES ('af327ab148b1', '7fd9ce1c7be1', 'd7e0583f53e7');
INSERT INTO pcs_prc_role_function (id, role_id, function_id) VALUES ('145bdd33c62f', '7fd9ce1c7be1', 'ce9b25e6cac7');
INSERT INTO pcs_prc_role_function (id, role_id, function_id) VALUES ('64216648e6a4', '7fd9ce1c7be1', 'fdb16c391ffc');
INSERT INTO pcs_prc_role_function (id, role_id, function_id) VALUES ('249b23b94b1c', '7fd9ce1c7be1', 'd3447a36dd98');
INSERT INTO pcs_prc_role_function (id, role_id, function_id) VALUES ('2e7ad51be21d', '7fd9ce1c7be1', 'da52f90b3707');
INSERT INTO pcs_prc_role_function (id, role_id, function_id) VALUES ('061397900ac6', '7fd9ce1c7be1', 'abe6fffaae63');
INSERT INTO pcs_prc_role_function (id, role_id, function_id) VALUES ('7d4d67393b9f', '7fd9ce1c7be1', '2a6be8fda76f');
INSERT INTO pcs_prc_role_function (id, role_id, function_id) VALUES ('bd4982ad02f6', '7fd9ce1c7be1', 'dae13d309463');
INSERT INTO pcs_prc_role_function (id, role_id, function_id) VALUES ('4dd01c8bcb73', '7fd9ce1c7be1', '66bd7120b0de');
INSERT INTO pcs_prc_role_function (id, role_id, function_id) VALUES ('0416d7f0e6aa', '7fd9ce1c7be1', '9538263abda4');
INSERT INTO pcs_prc_role_function (id, role_id, function_id) VALUES ('f4d13c4a77d3', '7fd9ce1c7be1', '72e68d34870e');
INSERT INTO pcs_prc_role_function (id, role_id, function_id) VALUES ('63f6d664267f', '7fd9ce1c7be1', 'a3ee33eba363');
INSERT INTO pcs_prc_role_function (id, role_id, function_id) VALUES ('1af5872224bc', '7fd9ce1c7be1', 'dc6e2228367b');
INSERT INTO pcs_prc_role_function (id, role_id, function_id) VALUES ('cb93323f3f81', '4559d54bc8b7', 'b80a4416f42f');
INSERT INTO pcs_prc_role_function (id, role_id, function_id) VALUES ('cb96ab3995e4', '4559d54bc8b7', '4b982e213c12');
INSERT INTO pcs_prc_role_function (id, role_id, function_id) VALUES ('cbd21a6b0c9d', '4559d54bc8b7', '1843bd5f5a73');
INSERT INTO pcs_prc_role_function (id, role_id, function_id) VALUES ('830c5a5087a3', '4559d54bc8b7', 'd3447a36dd98');
INSERT INTO pcs_prc_role_function (id, role_id, function_id) VALUES ('5be3f19e4202', '4559d54bc8b7', 'da52f90b3707');
INSERT INTO pcs_prc_role_function (id, role_id, function_id) VALUES ('906fde2ff2ad', '4559d54bc8b7', 'abe6fffaae63');
INSERT INTO pcs_prc_role_function (id, role_id, function_id) VALUES ('3fc95fabfff0', '4559d54bc8b7', '2a6be8fda76f');
INSERT INTO pcs_prc_role_function (id, role_id, function_id) VALUES ('dc39f94f601e', '4559d54bc8b7', 'dae13d309463');
INSERT INTO pcs_prc_role_function (id, role_id, function_id) VALUES ('0732b43a387b', '4559d54bc8b7', 'd7e0583f53e7');
INSERT INTO pcs_prc_role_function (id, role_id, function_id) VALUES ('671a303bc8c7', '4559d54bc8b7', 'ce9b25e6cac7');
INSERT INTO pcs_prc_role_function (id, role_id, function_id) VALUES ('68493ddb0748', '4559d54bc8b7', 'fdb16c391ffc');
INSERT INTO pcs_prc_role_function (id, role_id, function_id) VALUES ('f89cbf04933e', '4559d54bc8b7', 'bfbb4a6b97a4');
INSERT INTO pcs_prc_role_function (id, role_id, function_id) VALUES ('00318178e6a9', '4559d54bc8b7', '09a64b79b631');
INSERT INTO pcs_prc_role_function (id, role_id, function_id) VALUES ('2255f435d488', '4559d54bc8b7', '5386b5add6a5');
INSERT INTO pcs_prc_role_function (id, role_id, function_id) VALUES ('2054f0c6dab3', '4559d54bc8b7', '1ff199504908');
INSERT INTO pcs_prc_role_function (id, role_id, function_id) VALUES ('3d21af1f91aa', '4559d54bc8b7', 'bef27cf6bbb3');
INSERT INTO pcs_prc_role_function (id, role_id, function_id) VALUES ('0a24de6303d4', '4559d54bc8b7', 'fa03f824ef14');
INSERT INTO pcs_prc_role_function (id, role_id, function_id) VALUES ('e941c5cb613c', '4559d54bc8b7', 'a685bb7ae67c');
INSERT INTO pcs_prc_role_function (id, role_id, function_id) VALUES ('e743d104b054', '4559d54bc8b7', '428d1c69d167');
INSERT INTO pcs_prc_role_function (id, role_id, function_id) VALUES ('23a05b1ca7c6', '4559d54bc8b7', '72e68d34870e');
INSERT INTO pcs_prc_role_function (id, role_id, function_id) VALUES ('9cea04387970', '4559d54bc8b7', 'a3ee33eba363');
INSERT INTO pcs_prc_role_function (id, role_id, function_id) VALUES ('a878d953052a', '4559d54bc8b7', 'dc6e2228367b');
INSERT INTO pcs_prc_role_function (id, role_id, function_id) VALUES ('1cd8dfbcd0b4', '4559d54bc8b7', '66bd7120b0de');
INSERT INTO pcs_prc_role_function (id, role_id, function_id) VALUES ('83b220e596a1', '4559d54bc8b7', '9538263abda4');
INSERT INTO pcs_prc_role_function (id, role_id, function_id) VALUES ('eba756fa815e', 'f873c801cf35', 'b80a4416f42f');
INSERT INTO pcs_prc_role_function (id, role_id, function_id) VALUES ('2b6002a8d23c', 'f873c801cf35', '4b982e213c12');
INSERT INTO pcs_prc_role_function (id, role_id, function_id) VALUES ('08ec6b76df0f', 'f873c801cf35', '1843bd5f5a73');
INSERT INTO pcs_prc_role_function (id, role_id, function_id) VALUES ('cd503594aad9', 'f873c801cf35', 'bfbb4a6b97a4');
INSERT INTO pcs_prc_role_function (id, role_id, function_id) VALUES ('8f96c3fbb6bf', 'f873c801cf35', '09a64b79b631');
INSERT INTO pcs_prc_role_function (id, role_id, function_id) VALUES ('b98d0367eddb', 'f873c801cf35', '5386b5add6a5');
INSERT INTO pcs_prc_role_function (id, role_id, function_id) VALUES ('8754fad646aa', 'f873c801cf35', '1ff199504908');
INSERT INTO pcs_prc_role_function (id, role_id, function_id) VALUES ('2a521ec038b8', 'f873c801cf35', 'd3447a36dd98');
INSERT INTO pcs_prc_role_function (id, role_id, function_id) VALUES ('5260a6169d1c', 'f873c801cf35', 'da52f90b3707');
INSERT INTO pcs_prc_role_function (id, role_id, function_id) VALUES ('1c99a06e0763', 'f873c801cf35', 'abe6fffaae63');
INSERT INTO pcs_prc_role_function (id, role_id, function_id) VALUES ('b8a6d99d7fa9', 'f873c801cf35', '2a6be8fda76f');
INSERT INTO pcs_prc_role_function (id, role_id, function_id) VALUES ('fb213e7c9b4e', 'f873c801cf35', 'd893af6f93ff');
INSERT INTO pcs_prc_role_function (id, role_id, function_id) VALUES ('84dab8124c62', 'f873c801cf35', 'a3ee33eba363');
INSERT INTO pcs_prc_role_function (id, role_id, function_id) VALUES ('8495e01ee2a9', 'f873c801cf35', 'dc6e2228367b');
INSERT INTO pcs_prc_role_function (id, role_id, function_id) VALUES ('a9d677f6159e', 'f873c801cf35', '3a763b21fca2');
INSERT INTO pcs_prc_role_function (id, role_id, function_id) VALUES ('356777b55c99', 'f873c801cf35', 'b8e5ccedad50');
INSERT INTO pcs_prc_role_function (id, role_id, function_id) VALUES ('a6c20c4ad586', 'f873c801cf35', '0e2c45a64049');
INSERT INTO pcs_prc_role_function (id, role_id, function_id) VALUES ('5c0cf5b59436', 'f873c801cf35', 'd3a09529d29d');
INSERT INTO pcs_prc_role_function (id, role_id, function_id) VALUES ('fb1c8c349cbc', 'f873c801cf35', '4c94d187cb44');
INSERT INTO pcs_prc_role_function (id, role_id, function_id) VALUES ('b2250a8b3927', 'f873c801cf35', '094b29db8a89');
INSERT INTO pcs_prc_role_function (id, role_id, function_id) VALUES ('69d6821cfd76', 'f873c801cf35', '72e68d34870e');
INSERT INTO pcs_prc_role_function (id, role_id, function_id) VALUES ('e38390c15d07', 'f873c801cf35', '66bd7120b0de');
INSERT INTO pcs_prc_role_function (id, role_id, function_id) VALUES ('f3f0dce9d9c3', 'f873c801cf35', 'df306d70374c');
INSERT INTO pcs_prc_role_function (id, role_id, function_id) VALUES ('0813bc8bc774', 'f873c801cf35', '9538263abda4');
INSERT INTO pcs_prc_role_function (id, role_id, function_id) VALUES ('c076c9392424', 'f873c801cf35', 'c90234e86fa7');
INSERT INTO pcs_prc_role_function (id, role_id, function_id) VALUES ('0c7b5ecded97', 'f873c801cf35', '0532f166f19e');
INSERT INTO pcs_prc_role_function (id, role_id, function_id) VALUES ('9878c43c9abe', 'f873c801cf35', 'dae13d309463');
INSERT INTO pcs_prc_role_function (id, role_id, function_id) VALUES ('019b8ce7e405', 'f873c801cf35', 'bef27cf6bbb3');
INSERT INTO pcs_prc_role_function (id, role_id, function_id) VALUES ('4d1cfede3e84', 'f873c801cf35', 'fa03f824ef14');
INSERT INTO pcs_prc_role_function (id, role_id, function_id) VALUES ('5aee51f3074d', 'f873c801cf35', 'a685bb7ae67c');
INSERT INTO pcs_prc_role_function (id, role_id, function_id) VALUES ('5cd68e04f33d', 'f873c801cf35', '428d1c69d167');
INSERT INTO pcs_prc_role_function (id, role_id, function_id) VALUES ('98b815be8586', 'f873c801cf35', 'd7e0583f53e7');
INSERT INTO pcs_prc_role_function (id, role_id, function_id) VALUES ('baf87135be7b', 'f873c801cf35', 'ce9b25e6cac7');
INSERT INTO pcs_prc_role_function (id, role_id, function_id) VALUES ('b440d2186d8b', 'f873c801cf35', 'fdb16c391ffc');
INSERT INTO pcs_prc_role_function (id, role_id, function_id) VALUES ('267d1876f2af', '323810f03653', 'bfbb4a6b97a4');
INSERT INTO pcs_prc_role_function (id, role_id, function_id) VALUES ('2f7cca4fac33', '323810f03653', '09a64b79b631');
INSERT INTO pcs_prc_role_function (id, role_id, function_id) VALUES ('1db1874ea2a5', '323810f03653', '5386b5add6a5');
INSERT INTO pcs_prc_role_function (id, role_id, function_id) VALUES ('38505962cac4', '323810f03653', '1ff199504908');
INSERT INTO pcs_prc_role_function (id, role_id, function_id) VALUES ('f5791ddd1853', '323810f03653', 'b80a4416f42f');
INSERT INTO pcs_prc_role_function (id, role_id, function_id) VALUES ('ecdf997f2a04', '323810f03653', '4b982e213c12');
INSERT INTO pcs_prc_role_function (id, role_id, function_id) VALUES ('301aa5a93e1e', '323810f03653', '1843bd5f5a73');
INSERT INTO pcs_prc_role_function (id, role_id, function_id) VALUES ('ac73f46be521', '323810f03653', 'd3447a36dd98');
INSERT INTO pcs_prc_role_function (id, role_id, function_id) VALUES ('880a86157496', '323810f03653', 'da52f90b3707');
INSERT INTO pcs_prc_role_function (id, role_id, function_id) VALUES ('c8668cf4963f', '323810f03653', 'abe6fffaae63');
INSERT INTO pcs_prc_role_function (id, role_id, function_id) VALUES ('ab10a97e0dac', '323810f03653', '2a6be8fda76f');
INSERT INTO pcs_prc_role_function (id, role_id, function_id) VALUES ('84b525ca04c2', '323810f03653', '72e68d34870e');
INSERT INTO pcs_prc_role_function (id, role_id, function_id) VALUES ('6e54444d22ab', '323810f03653', 'a3ee33eba363');
INSERT INTO pcs_prc_role_function (id, role_id, function_id) VALUES ('5183948404ad', '323810f03653', 'dc6e2228367b');
INSERT INTO pcs_prc_role_function (id, role_id, function_id) VALUES ('d441dc689615', '323810f03653', 'dae13d309463');
INSERT INTO pcs_prc_role_function (id, role_id, function_id) VALUES ('2764399e0cb0', '323810f03653', '66bd7120b0de');
INSERT INTO pcs_prc_role_function (id, role_id, function_id) VALUES ('d5bbcd997cdb', '323810f03653', '9538263abda4');
INSERT INTO pcs_prc_role_function (id, role_id, function_id) VALUES ('33cdc68331b0', '323810f03653', 'bef27cf6bbb3');
INSERT INTO pcs_prc_role_function (id, role_id, function_id) VALUES ('ae56095a36e0', '323810f03653', 'fa03f824ef14');
INSERT INTO pcs_prc_role_function (id, role_id, function_id) VALUES ('fc14b1bcc885', '323810f03653', 'a685bb7ae67c');
INSERT INTO pcs_prc_role_function (id, role_id, function_id) VALUES ('a3e01791e30f', '323810f03653', '428d1c69d167');
INSERT INTO pcs_prc_role_function (id, role_id, function_id) VALUES ('7033ec005b15', '323810f03653', 'd7e0583f53e7');
INSERT INTO pcs_prc_role_function (id, role_id, function_id) VALUES ('7b511914faf8', '323810f03653', 'ce9b25e6cac7');
INSERT INTO pcs_prc_role_function (id, role_id, function_id) VALUES ('64492f11971b', '323810f03653', 'fdb16c391ffc');
INSERT INTO pcs_prc_role_function (id, role_id, function_id) VALUES ('2e63f349edb4', 'f899d7406414', 'b80a4416f42f');
INSERT INTO pcs_prc_role_function (id, role_id, function_id) VALUES ('e64ccb7e9b7c', 'f899d7406414', '4b982e213c12');
INSERT INTO pcs_prc_role_function (id, role_id, function_id) VALUES ('db18b60f5424', 'f899d7406414', '1843bd5f5a73');
INSERT INTO pcs_prc_role_function (id, role_id, function_id) VALUES ('d15d22e85cd1', 'f899d7406414', 'bfbb4a6b97a4');
INSERT INTO pcs_prc_role_function (id, role_id, function_id) VALUES ('e6fc7cfcf161', 'f899d7406414', '09a64b79b631');
INSERT INTO pcs_prc_role_function (id, role_id, function_id) VALUES ('49308dac09e5', 'f899d7406414', '5386b5add6a5');
INSERT INTO pcs_prc_role_function (id, role_id, function_id) VALUES ('b2e22f7fa48c', 'f899d7406414', '1ff199504908');
INSERT INTO pcs_prc_role_function (id, role_id, function_id) VALUES ('3ec3eadc0cff', 'f899d7406414', 'd3447a36dd98');
INSERT INTO pcs_prc_role_function (id, role_id, function_id) VALUES ('11c1422b720d', 'f899d7406414', 'da52f90b3707');
INSERT INTO pcs_prc_role_function (id, role_id, function_id) VALUES ('7b27d6dc0b19', 'f899d7406414', 'abe6fffaae63');
INSERT INTO pcs_prc_role_function (id, role_id, function_id) VALUES ('bb9dc187747e', 'f899d7406414', '2a6be8fda76f');
INSERT INTO pcs_prc_role_function (id, role_id, function_id) VALUES ('d71e4b4ea45a', 'f899d7406414', 'd893af6f93ff');
INSERT INTO pcs_prc_role_function (id, role_id, function_id) VALUES ('39203e58aa59', 'f899d7406414', 'a3ee33eba363');
INSERT INTO pcs_prc_role_function (id, role_id, function_id) VALUES ('430984b293e1', 'f899d7406414', 'dc6e2228367b');
INSERT INTO pcs_prc_role_function (id, role_id, function_id) VALUES ('96166962f28f', 'f899d7406414', '3a763b21fca2');
INSERT INTO pcs_prc_role_function (id, role_id, function_id) VALUES ('c56245eff99f', 'f899d7406414', 'b8e5ccedad50');
INSERT INTO pcs_prc_role_function (id, role_id, function_id) VALUES ('7088925a61d1', 'f899d7406414', '0e2c45a64049');
INSERT INTO pcs_prc_role_function (id, role_id, function_id) VALUES ('d0b9e8b308fc', 'f899d7406414', 'd3a09529d29d');
INSERT INTO pcs_prc_role_function (id, role_id, function_id) VALUES ('cacf5b802b64', 'f899d7406414', '4c94d187cb44');
INSERT INTO pcs_prc_role_function (id, role_id, function_id) VALUES ('443552f04d24', 'f899d7406414', '094b29db8a89');
INSERT INTO pcs_prc_role_function (id, role_id, function_id) VALUES ('a7b35778ea88', 'f899d7406414', '72e68d34870e');
INSERT INTO pcs_prc_role_function (id, role_id, function_id) VALUES ('c6bb623a8910', 'f899d7406414', '66bd7120b0de');
INSERT INTO pcs_prc_role_function (id, role_id, function_id) VALUES ('88c1cacd00f0', 'f899d7406414', 'df306d70374c');
INSERT INTO pcs_prc_role_function (id, role_id, function_id) VALUES ('1246461f8da5', 'f899d7406414', '9538263abda4');
INSERT INTO pcs_prc_role_function (id, role_id, function_id) VALUES ('6c35dea38e2c', 'f899d7406414', 'c90234e86fa7');
INSERT INTO pcs_prc_role_function (id, role_id, function_id) VALUES ('b13596711160', 'f899d7406414', '0532f166f19e');
INSERT INTO pcs_prc_role_function (id, role_id, function_id) VALUES ('9005bc899204', 'f899d7406414', 'dae13d309463');
INSERT INTO pcs_prc_role_function (id, role_id, function_id) VALUES ('fdb0ade59706', 'f899d7406414', 'bef27cf6bbb3');
INSERT INTO pcs_prc_role_function (id, role_id, function_id) VALUES ('2322d19538bf', 'f899d7406414', 'fa03f824ef14');
INSERT INTO pcs_prc_role_function (id, role_id, function_id) VALUES ('6b0e58dc80b6', 'f899d7406414', 'a685bb7ae67c');
INSERT INTO pcs_prc_role_function (id, role_id, function_id) VALUES ('e6f6009dfb99', 'f899d7406414', '428d1c69d167');
INSERT INTO pcs_prc_role_function (id, role_id, function_id) VALUES ('9c382e681a13', 'f899d7406414', 'd7e0583f53e7');
INSERT INTO pcs_prc_role_function (id, role_id, function_id) VALUES ('811dc74e62ee', 'f899d7406414', 'ce9b25e6cac7');
INSERT INTO pcs_prc_role_function (id, role_id, function_id) VALUES ('0165ca636694', 'f899d7406414', 'fdb16c391ffc');
INSERT INTO pcs_prc_role_function (id, role_id, function_id) VALUES ('dd234ba412da', '8906a088f99c', 'b80a4416f42f');
INSERT INTO pcs_prc_role_function (id, role_id, function_id) VALUES ('4fb8c53f0dd4', '8906a088f99c', '4b982e213c12');
INSERT INTO pcs_prc_role_function (id, role_id, function_id) VALUES ('8d1d9d299114', '8906a088f99c', '1843bd5f5a73');
INSERT INTO pcs_prc_role_function (id, role_id, function_id) VALUES ('0201f7d56b70', '8906a088f99c', 'bfbb4a6b97a4');
INSERT INTO pcs_prc_role_function (id, role_id, function_id) VALUES ('edca13b26f76', '8906a088f99c', '09a64b79b631');
INSERT INTO pcs_prc_role_function (id, role_id, function_id) VALUES ('9224ab7b7f0f', '8906a088f99c', '5386b5add6a5');
INSERT INTO pcs_prc_role_function (id, role_id, function_id) VALUES ('823ed5b81c29', '8906a088f99c', '1ff199504908');
INSERT INTO pcs_prc_role_function (id, role_id, function_id) VALUES ('fa83dc6698e7', '8906a088f99c', 'd3447a36dd98');
INSERT INTO pcs_prc_role_function (id, role_id, function_id) VALUES ('3be5c8d7010b', '8906a088f99c', 'da52f90b3707');
INSERT INTO pcs_prc_role_function (id, role_id, function_id) VALUES ('eb2f6e104ee3', '8906a088f99c', 'abe6fffaae63');
INSERT INTO pcs_prc_role_function (id, role_id, function_id) VALUES ('c2a09e647251', '8906a088f99c', '2a6be8fda76f');
INSERT INTO pcs_prc_role_function (id, role_id, function_id) VALUES ('2b21a0896755', '8906a088f99c', 'd893af6f93ff');
INSERT INTO pcs_prc_role_function (id, role_id, function_id) VALUES ('d5f733a56bb1', '8906a088f99c', 'a3ee33eba363');
INSERT INTO pcs_prc_role_function (id, role_id, function_id) VALUES ('ad74887ce64c', '8906a088f99c', 'dc6e2228367b');
INSERT INTO pcs_prc_role_function (id, role_id, function_id) VALUES ('57f2fefa782f', '8906a088f99c', '3a763b21fca2');
INSERT INTO pcs_prc_role_function (id, role_id, function_id) VALUES ('cc53f65b9128', '8906a088f99c', 'b8e5ccedad50');
INSERT INTO pcs_prc_role_function (id, role_id, function_id) VALUES ('20ba0ab54a3c', '8906a088f99c', '0e2c45a64049');
INSERT INTO pcs_prc_role_function (id, role_id, function_id) VALUES ('1728af0063b4', '8906a088f99c', 'd3a09529d29d');
INSERT INTO pcs_prc_role_function (id, role_id, function_id) VALUES ('647b3908f13a', '8906a088f99c', '4c94d187cb44');
INSERT INTO pcs_prc_role_function (id, role_id, function_id) VALUES ('5296f6f9af0a', '8906a088f99c', '094b29db8a89');
INSERT INTO pcs_prc_role_function (id, role_id, function_id) VALUES ('716f1f14f637', '8906a088f99c', '72e68d34870e');
INSERT INTO pcs_prc_role_function (id, role_id, function_id) VALUES ('fb4cd4866590', '8906a088f99c', '66bd7120b0de');
INSERT INTO pcs_prc_role_function (id, role_id, function_id) VALUES ('0ec472c8baa2', '8906a088f99c', 'df306d70374c');
INSERT INTO pcs_prc_role_function (id, role_id, function_id) VALUES ('34761a779d48', '8906a088f99c', '9538263abda4');
INSERT INTO pcs_prc_role_function (id, role_id, function_id) VALUES ('8dcd4231f277', '8906a088f99c', 'c90234e86fa7');
INSERT INTO pcs_prc_role_function (id, role_id, function_id) VALUES ('533e38941989', '8906a088f99c', '0532f166f19e');
INSERT INTO pcs_prc_role_function (id, role_id, function_id) VALUES ('ae828f49b993', '8906a088f99c', 'dae13d309463');
INSERT INTO pcs_prc_role_function (id, role_id, function_id) VALUES ('00ab94ecf6f0', '8906a088f99c', 'bef27cf6bbb3');
INSERT INTO pcs_prc_role_function (id, role_id, function_id) VALUES ('aa064cc0aa97', '8906a088f99c', 'fa03f824ef14');
INSERT INTO pcs_prc_role_function (id, role_id, function_id) VALUES ('d5039816a805', '8906a088f99c', 'a685bb7ae67c');
INSERT INTO pcs_prc_role_function (id, role_id, function_id) VALUES ('93d5f8c02982', '8906a088f99c', '428d1c69d167');
INSERT INTO pcs_prc_role_function (id, role_id, function_id) VALUES ('ce0926fe80aa', '8906a088f99c', 'd7e0583f53e7');
INSERT INTO pcs_prc_role_function (id, role_id, function_id) VALUES ('34223e9d9281', '8906a088f99c', 'ce9b25e6cac7');
INSERT INTO pcs_prc_role_function (id, role_id, function_id) VALUES ('6e7802a2096f', '8906a088f99c', 'fdb16c391ffc');
INSERT INTO pcs_prc_role_function (id, role_id, function_id) VALUES ('6605aaa8e7f8', '111111', 'ce3d831118c5');
INSERT INTO pcs_prc_role_function (id, role_id, function_id) VALUES ('69c2d022b4c3', '1', 'ce3d831118c5');


INSERT INTO pcs_prc_role_function (id, role_id, function_id) VALUES ('32838baf6e93', '5780a5de700c', '094b29db8a89');
INSERT INTO pcs_prc_role_function (id, role_id, function_id) VALUES ('e2d02e5cc074', '5780a5de700c', 'b80a4416f42f');
INSERT INTO pcs_prc_role_function (id, role_id, function_id) VALUES ('ccef6de0252a', '5780a5de700c', '4b982e213c12');
INSERT INTO pcs_prc_role_function (id, role_id, function_id) VALUES ('17cffee42a64', '5780a5de700c', '1843bd5f5a73');
INSERT INTO pcs_prc_role_function (id, role_id, function_id) VALUES ('e059489a9685', '5780a5de700c', 'bfbb4a6b97a4');
INSERT INTO pcs_prc_role_function (id, role_id, function_id) VALUES ('e7cb35f49188', '5780a5de700c', '09a64b79b631');
INSERT INTO pcs_prc_role_function (id, role_id, function_id) VALUES ('7fc58e03c891', '5780a5de700c', '5386b5add6a5');
INSERT INTO pcs_prc_role_function (id, role_id, function_id) VALUES ('7ee2638d783d', '5780a5de700c', '1ff199504908');
INSERT INTO pcs_prc_role_function (id, role_id, function_id) VALUES ('188403a56634', '5780a5de700c', 'd3447a36dd98');
INSERT INTO pcs_prc_role_function (id, role_id, function_id) VALUES ('3adce07354cb', '5780a5de700c', 'da52f90b3707');
INSERT INTO pcs_prc_role_function (id, role_id, function_id) VALUES ('c3cfd36d5369', '5780a5de700c', 'abe6fffaae63');
INSERT INTO pcs_prc_role_function (id, role_id, function_id) VALUES ('96637ba031cc', '5780a5de700c', '2a6be8fda76f');
INSERT INTO pcs_prc_role_function (id, role_id, function_id) VALUES ('4a05f8570d38', '5780a5de700c', 'd893af6f93ff');
INSERT INTO pcs_prc_role_function (id, role_id, function_id) VALUES ('3963d6dc1eee', '5780a5de700c', 'a3ee33eba363');
INSERT INTO pcs_prc_role_function (id, role_id, function_id) VALUES ('6295187ea2f9', '5780a5de700c', 'dc6e2228367b');
INSERT INTO pcs_prc_role_function (id, role_id, function_id) VALUES ('106be3edef11', '5780a5de700c', '3a763b21fca2');
INSERT INTO pcs_prc_role_function (id, role_id, function_id) VALUES ('5a0215feed51', '5780a5de700c', 'b8e5ccedad50');
INSERT INTO pcs_prc_role_function (id, role_id, function_id) VALUES ('0a4310823099', '5780a5de700c', '0e2c45a64049');
INSERT INTO pcs_prc_role_function (id, role_id, function_id) VALUES ('5bfe134cef67', '5780a5de700c', 'd3a09529d29d');
INSERT INTO pcs_prc_role_function (id, role_id, function_id) VALUES ('49c56fe551a1', '5780a5de700c', '4c94d187cb44');
INSERT INTO pcs_prc_role_function (id, role_id, function_id) VALUES ('777cea1072c8', '5780a5de700c', '72e68d34870e');
INSERT INTO pcs_prc_role_function (id, role_id, function_id) VALUES ('32e3e5bcc20d', '5780a5de700c', '66bd7120b0de');
INSERT INTO pcs_prc_role_function (id, role_id, function_id) VALUES ('226eaf6a9a00', '5780a5de700c', 'df306d70374c');
INSERT INTO pcs_prc_role_function (id, role_id, function_id) VALUES ('2681cf8cef7d', '5780a5de700c', '9538263abda4');
INSERT INTO pcs_prc_role_function (id, role_id, function_id) VALUES ('0ca0c5a6c28c', '5780a5de700c', 'c90234e86fa7');
INSERT INTO pcs_prc_role_function (id, role_id, function_id) VALUES ('ec347a3b7788', '5780a5de700c', '0532f166f19e');
INSERT INTO pcs_prc_role_function (id, role_id, function_id) VALUES ('162d6bd01920', '5780a5de700c', 'dae13d309463');
INSERT INTO pcs_prc_role_function (id, role_id, function_id) VALUES ('02ee385e7c78', '5780a5de700c', 'bef27cf6bbb3');
INSERT INTO pcs_prc_role_function (id, role_id, function_id) VALUES ('9b5b8a426fdc', '5780a5de700c', 'fa03f824ef14');
INSERT INTO pcs_prc_role_function (id, role_id, function_id) VALUES ('ec9cd4fc8ee9', '5780a5de700c', 'a685bb7ae67c');
INSERT INTO pcs_prc_role_function (id, role_id, function_id) VALUES ('909c53f60118', '5780a5de700c', '428d1c69d167');
INSERT INTO pcs_prc_role_function (id, role_id, function_id) VALUES ('bd5955c6c34d', '5780a5de700c', 'd7e0583f53e7');
INSERT INTO pcs_prc_role_function (id, role_id, function_id) VALUES ('14eb4d7fab4c', '5780a5de700c', 'ce9b25e6cac7');
INSERT INTO pcs_prc_role_function (id, role_id, function_id) VALUES ('447de0793f29', '5780a5de700c', 'fdb16c391ffc');

INSERT INTO pcs_prc_role_function (id, role_id, function_id) VALUES ('eacb39c98b36', '4f6dd633d13e', 'fdb16c391ffc');
INSERT INTO pcs_prc_role_function (id, role_id, function_id) VALUES ('d59c7c52cda9', '4f6dd633d13e', 'd7e0583f53e7');
INSERT INTO pcs_prc_role_function (id, role_id, function_id) VALUES ('44fdd38615a7', '4f6dd633d13e', 'dae13d309463');
INSERT INTO pcs_prc_role_function (id, role_id, function_id) VALUES ('c6720f9ea685', '4f6dd633d13e', '2a6be8fda76f');
INSERT INTO pcs_prc_role_function (id, role_id, function_id) VALUES ('4863bc9e42dd', '4f6dd633d13e', 'abe6fffaae63');
INSERT INTO pcs_prc_role_function (id, role_id, function_id) VALUES ('070094c0b024', '4f6dd633d13e', 'da52f90b3707');
INSERT INTO pcs_prc_role_function (id, role_id, function_id) VALUES ('bf90e7094c5d', '4f6dd633d13e', 'd3447a36dd98');
INSERT INTO pcs_prc_role_function (id, role_id, function_id) VALUES ('480ede1f2581', '4f6dd633d13e', '1843bd5f5a73');
INSERT INTO pcs_prc_role_function (id, role_id, function_id) VALUES ('7d905453a477', '4f6dd633d13e', '4b982e213c12');
INSERT INTO pcs_prc_role_function (id, role_id, function_id) VALUES ('130abcdbedbb', '4f6dd633d13e', 'b80a4416f42f');
INSERT INTO pcs_prc_role_function (id, role_id, function_id) VALUES ('5edf47e21104', '4f6dd633d13e', 'dc6e2228367b');
INSERT INTO pcs_prc_role_function (id, role_id, function_id) VALUES ('f870bcb976e3', '4f6dd633d13e', 'a3ee33eba363');
INSERT INTO pcs_prc_role_function (id, role_id, function_id) VALUES ('982068fd8472', '4f6dd633d13e', '72e68d34870e');
INSERT INTO pcs_prc_role_function (id, role_id, function_id) VALUES ('2ebe36788eda', '4f6dd633d13e', '428d1c69d167');
INSERT INTO pcs_prc_role_function (id, role_id, function_id) VALUES ('9896fd9c98bd', '4f6dd633d13e', 'a685bb7ae67c');
INSERT INTO pcs_prc_role_function (id, role_id, function_id) VALUES ('40c0e5a66ceb', '4f6dd633d13e', 'fa03f824ef14');
INSERT INTO pcs_prc_role_function (id, role_id, function_id) VALUES ('030721aa9a1c', '4f6dd633d13e', '66bd7120b0de');
INSERT INTO pcs_prc_role_function (id, role_id, function_id) VALUES ('1c3e8761b2e9', '4f6dd633d13e', '9538263abda4');
INSERT INTO pcs_prc_role_function (id, role_id, function_id) VALUES ('6f0d42b6ab95', '4f6dd633d13e', 'bef27cf6bbb3');
INSERT INTO pcs_prc_role_function (id, role_id, function_id) VALUES ('394ceb5bb16c', '4f6dd633d13e', '1ff199504908');
INSERT INTO pcs_prc_role_function (id, role_id, function_id) VALUES ('6cebb791f69b', '4f6dd633d13e', '5386b5add6a5');
INSERT INTO pcs_prc_role_function (id, role_id, function_id) VALUES ('44f76a5c3045', '4f6dd633d13e', '09a64b79b631');
INSERT INTO pcs_prc_role_function (id, role_id, function_id) VALUES ('7d5bdc00a151', '4f6dd633d13e', 'bfbb4a6b97a4');
INSERT INTO pcs_prc_role_function (id, role_id, function_id) VALUES ('8dea151e2c20', '4f6dd633d13e', 'ce9b25e6cac7');

INSERT INTO pcs_prc_role_function (id, role_id, function_id) VALUES ('9d54edac53de', 'ce5a1d690405', 'd3a09529d29d');
INSERT INTO pcs_prc_role_function (id, role_id, function_id) VALUES ('288b4d6da995', 'ce5a1d690405', '0e2c45a64049');
INSERT INTO pcs_prc_role_function (id, role_id, function_id) VALUES ('9d0e4f7e8a5d', 'ce5a1d690405', 'b8e5ccedad50');
INSERT INTO pcs_prc_role_function (id, role_id, function_id) VALUES ('d3ec57b9817c', 'ce5a1d690405', '3a763b21fca2');
INSERT INTO pcs_prc_role_function (id, role_id, function_id) VALUES ('68b2dc357439', 'ce5a1d690405', 'dc6e2228367b');
INSERT INTO pcs_prc_role_function (id, role_id, function_id) VALUES ('204eb3845afa', 'ce5a1d690405', 'a3ee33eba363');
INSERT INTO pcs_prc_role_function (id, role_id, function_id) VALUES ('c1ede377f218', 'ce5a1d690405', 'd893af6f93ff');
INSERT INTO pcs_prc_role_function (id, role_id, function_id) VALUES ('46d9f6ce1c69', 'ce5a1d690405', '1ff199504908');
INSERT INTO pcs_prc_role_function (id, role_id, function_id) VALUES ('46a3805a7ebf', 'ce5a1d690405', '5386b5add6a5');
INSERT INTO pcs_prc_role_function (id, role_id, function_id) VALUES ('32e492acbecc', 'ce5a1d690405', '09a64b79b631');
INSERT INTO pcs_prc_role_function (id, role_id, function_id) VALUES ('d00d651d5d70', 'ce5a1d690405', 'bfbb4a6b97a4');
INSERT INTO pcs_prc_role_function (id, role_id, function_id) VALUES ('4572f81bf6f1', 'ce5a1d690405', '1843bd5f5a73');
INSERT INTO pcs_prc_role_function (id, role_id, function_id) VALUES ('2e86ce1ca510', 'ce5a1d690405', '4b982e213c12');
INSERT INTO pcs_prc_role_function (id, role_id, function_id) VALUES ('959d85fbaa6f', 'ce5a1d690405', '094b29db8a89');
INSERT INTO pcs_prc_role_function (id, role_id, function_id) VALUES ('cf7982c8e299', 'ce5a1d690405', '72e68d34870e');
INSERT INTO pcs_prc_role_function (id, role_id, function_id) VALUES ('ef9ba5b79b36', 'ce5a1d690405', 'd3447a36dd98');
INSERT INTO pcs_prc_role_function (id, role_id, function_id) VALUES ('6872a48a704d', 'ce5a1d690405', 'da52f90b3707');
INSERT INTO pcs_prc_role_function (id, role_id, function_id) VALUES ('a0510c2b97cc', 'ce5a1d690405', 'abe6fffaae63');
INSERT INTO pcs_prc_role_function (id, role_id, function_id) VALUES ('bea9683d41b3', 'ce5a1d690405', '2a6be8fda76f');
INSERT INTO pcs_prc_role_function (id, role_id, function_id) VALUES ('49d04f59978b', 'ce5a1d690405', '66bd7120b0de');
INSERT INTO pcs_prc_role_function (id, role_id, function_id) VALUES ('4b15cd72bbb9', 'ce5a1d690405', 'df306d70374c');
INSERT INTO pcs_prc_role_function (id, role_id, function_id) VALUES ('d7be5a701772', 'ce5a1d690405', '9538263abda4');
INSERT INTO pcs_prc_role_function (id, role_id, function_id) VALUES ('2a20123b2b7f', 'ce5a1d690405', 'c90234e86fa7');
INSERT INTO pcs_prc_role_function (id, role_id, function_id) VALUES ('c9c009d1c2ed', 'ce5a1d690405', '0532f166f19e');
INSERT INTO pcs_prc_role_function (id, role_id, function_id) VALUES ('f0309c91e58d', 'ce5a1d690405', 'dae13d309463');
INSERT INTO pcs_prc_role_function (id, role_id, function_id) VALUES ('fcf39fec013e', 'ce5a1d690405', 'bef27cf6bbb3');
INSERT INTO pcs_prc_role_function (id, role_id, function_id) VALUES ('806f7d4c1a2d', 'ce5a1d690405', 'b80a4416f42f');
INSERT INTO pcs_prc_role_function (id, role_id, function_id) VALUES ('b9fc696c469b', 'ce5a1d690405', 'fdb16c391ffc');
INSERT INTO pcs_prc_role_function (id, role_id, function_id) VALUES ('f2d4be9ea8f7', 'ce5a1d690405', 'ce9b25e6cac7');
INSERT INTO pcs_prc_role_function (id, role_id, function_id) VALUES ('7bba5e08394e', 'ce5a1d690405', 'd7e0583f53e7');
INSERT INTO pcs_prc_role_function (id, role_id, function_id) VALUES ('04f3ce9f90f1', 'ce5a1d690405', '428d1c69d167');
INSERT INTO pcs_prc_role_function (id, role_id, function_id) VALUES ('0a20efb9a15a', 'ce5a1d690405', 'a685bb7ae67c');
INSERT INTO pcs_prc_role_function (id, role_id, function_id) VALUES ('b2d8e19c31b7', 'ce5a1d690405', 'fa03f824ef14');
INSERT INTO pcs_prc_role_function (id, role_id, function_id) VALUES ('673988839216', 'ce5a1d690405', '4c94d187cb44');

INSERT INTO pcs_ucc_dm_user (id, domain_id, user_id, type, status)VALUES ('401b9f477890', 'f3fdc893ff25', '111111', 0, 1);
INSERT INTO pcs_ucc_dm_user (id, domain_id, user_id, type, status) VALUES ('5dc8b55815ae', '4cf6d4dec7d0', '111111', 0, 1);
INSERT INTO pcs_ucc_dm_user (id, domain_id, user_id, type, status) VALUES ('228ddaddffac', '4c690ab87ce0', '111111', 0, 1);

INSERT INTO pcs_prc_vrole (id, name, des, type) VALUES ('WORK_ITEM_AUDITOR', '事项审核员', NULL, 2);
INSERT INTO pcs_prc_vrole (id, name, des, type) VALUES ('WORK_ITEM_ASSIGNER', '事项负责人', NULL, 2);
INSERT INTO pcs_prc_vrole (id, name, des, type) VALUES ('PROJECT_ADMINISTRATORS', '项目管理员', NULL, 2);
INSERT INTO pcs_prc_vrole (id, name, des, type) VALUES ('SPRINT_MASTER', '迭代负责人', NULL, 2);
INSERT INTO pcs_prc_vrole (id, name, des, type) VALUES ('WORK_ITEM_CREATOR', '事项创建人', NULL, 2);


INSERT INTO pmc_icon (id, icon_name, icon_url, icon_type) VALUES ('7f63d59a4f3a', 'project1.png', 'project1.png', 'project');
INSERT INTO pmc_icon (id, icon_name, icon_url, icon_type) VALUES ('1566ca2f8ea6', 'project2.png', 'project2.png', 'project');
INSERT INTO pmc_icon (id, icon_name, icon_url, icon_type) VALUES ('8fe41d811db8', 'project3.png', 'project3.png', 'project');
INSERT INTO pmc_icon (id, icon_name, icon_url, icon_type) VALUES ('c35cb5b60b2d', 'project4.png', 'project4.png', 'project');
INSERT INTO pmc_icon (id, icon_name, icon_url, icon_type) VALUES ('f6f63073d412', 'workType1.png', 'workType1.png', 'workType');
INSERT INTO pmc_icon (id, icon_name, icon_url, icon_type) VALUES ('24e8be1867b8', 'workType2.png', 'workType2.png', 'workType');
INSERT INTO pmc_icon (id, icon_name, icon_url, icon_type) VALUES ('abeb5a0e194a', 'workType3.png', 'workType3.png', 'workType');
INSERT INTO pmc_icon (id, icon_name, icon_url, icon_type) VALUES ('070287809b9a', 'workType4.png', 'workType4.png', 'workType');
INSERT INTO pmc_icon (id, icon_name, icon_url, icon_type) VALUES ('ff54eafd3756', 'workType5.png', 'workType5.png', 'workType');
INSERT INTO pmc_icon (id, icon_name, icon_url, icon_type) VALUES ('2f950b04363c', 'workType6.png', 'workType6.png', 'workType');
INSERT INTO pmc_icon (id, icon_name, icon_url, icon_type) VALUES ('5ce7cab32924', 'workType7.png', 'workType7.png', 'workType');
INSERT INTO pmc_icon (id, icon_name, icon_url, icon_type) VALUES ('c3ee42e730ac', 'workType8.png', 'workType8.png', 'workType');


INSERT INTO pmc_project (id, project_key, project_name, project_type_id, project_limits, creator, master, description, project_set_id, project_state, start_time, end_time, icon_url) VALUES ('4cf6d4dec7d0', 'kanass', '示例敏捷式项目', '5a46432a', '0', '111111', '111111', '示例敏捷式项目', '4c690ab87ce0', '1', '2022-12-13 00:00:00', '2022-12-31 00:00:00', 'project2.png');
INSERT INTO pmc_project (id, project_key, project_name, project_type_id, project_limits, creator, master, description, project_set_id, project_state, start_time, end_time, icon_url) VALUES ('f3fdc893ff25', 'sward', '示例瀑布项目', 'ea782c6d', '0', '111111', '111111', '示例瀑布项目', '4c690ab87ce0', '1', '2022-12-13 00:00:00', '2023-01-31 00:00:00', 'project1.png');

INSERT INTO pmc_project_type (id, type, name, icon_url, description) VALUES ('5a46432a', 'scrum', '敏捷式项目', 'project1.png', '敏捷式项目');
INSERT INTO pmc_project_type (id, type, name, icon_url, description) VALUES ('ea782c6d', 'nomal', '瀑布研发项目', 'project2.png', '瀑布研发项目');

INSERT INTO pmc_recent (id, name, model, model_id, master_id, project_id, recent_time, icon_url, project_type_id) VALUES ('0234ad61ba24', '实现文档的收藏功能', 'workItem', '01801bd8979b', '111111', 'f3fdc893ff25', '2024-11-25 11:13:43.884', 'workType1.png', 'ea782c6d');
INSERT INTO pmc_recent (id, name, model, model_id, master_id, project_id, recent_time, icon_url, project_type_id) VALUES ('f14060dd135a', '2024-06-03 ~ 2024-06-14', 'sprint', '0410da30425b', '111111', '4cf6d4dec7d0', '2024-11-25 10:25:29.147', NULL, '5a46432a');
INSERT INTO pmc_recent (id, name, model, model_id, master_id, project_id, recent_time, icon_url, project_type_id) VALUES ('a26523d4e19c', '前端实现知识库导航鼠标点击显示切换知识库列表', 'workItem', '4972da6af75c', '111111', 'f3fdc893ff25', '2024-11-25 11:13:47.032', 'workType2.png', 'ea782c6d');
INSERT INTO pmc_recent (id, name, model, model_id, master_id, project_id, recent_time, icon_url, project_type_id) VALUES ('48df84ee2f74', '富文本表格移动行有时候会保存不成功', 'workItem', '04775ebf4565', '111111', 'f3fdc893ff25', '2024-11-25 11:13:49.567', 'workType3.png', 'ea782c6d');
INSERT INTO pmc_recent (id, name, model, model_id, master_id, project_id, recent_time, icon_url, project_type_id) VALUES ('3fd0b09de11b', '示例项目集', 'projectSet', 'b4886df1594d', '111111', NULL, '2024-11-25 11:18:07.888', NULL, NULL);
INSERT INTO pmc_recent (id, name, model, model_id, master_id, project_id, recent_time, icon_url, project_type_id) VALUES ('c79c4a7aa848', '迭代1', 'sprint', '0410da30425b', '111111', '4cf6d4dec7d0', '2024-11-25 09:38:33.603', NULL, '5a46432a');
INSERT INTO pmc_recent (id, name, model, model_id, master_id, project_id, recent_time, icon_url, project_type_id) VALUES ('221511e8fad3', '示例项目集', 'projectSet', '4c690ab87ce0', '111111', NULL, '2024-11-25 11:18:13.461', NULL, NULL);
INSERT INTO pmc_recent (id, name, model, model_id, master_id, project_id, recent_time, icon_url, project_type_id) VALUES ('9265e9fac7ff', '迭代2', 'sprint', 'caa684dfa094', '111111', '4cf6d4dec7d0', '2024-11-25 09:39:41.207', NULL, '5a46432a');
INSERT INTO pmc_recent (id, name, model, model_id, master_id, project_id, recent_time, icon_url, project_type_id) VALUES ('26fcd93641e1', '迭代2', 'sprint', 'caa684dfa094', '111111', '4cf6d4dec7d0', '2024-11-25 09:39:53.129', NULL, '5a46432a');
INSERT INTO pmc_recent (id, name, model, model_id, master_id, project_id, recent_time, icon_url, project_type_id) VALUES ('0332028c4e29', 'beta-1.0.0', 'version', '63b6e50d8dde', '111111', '4cf6d4dec7d0', '2024-11-25 09:42:19.57', NULL, '5a46432a');
INSERT INTO pmc_recent (id, name, model, model_id, master_id, project_id, recent_time, icon_url, project_type_id) VALUES ('f3e836cc654a', '富文本表格移动行有时候会保存不成功', 'workItem', 'e3a468f851a2', '111111', 'f3fdc893ff25', '2024-11-25 10:28:30.211', 'workType3.png', 'ea782c6d');
INSERT INTO pmc_recent (id, name, model, model_id, master_id, project_id, recent_time, icon_url, project_type_id) VALUES ('126acc7f4bba', '示例敏捷项目', 'project', '4cf6d4dec7d0', '111111', '4cf6d4dec7d0', '2024-11-25 10:30:10.603', 'project2.png', '5a46432a');
INSERT INTO pmc_recent (id, name, model, model_id, master_id, project_id, recent_time, icon_url, project_type_id) VALUES ('665b9154361f', '工时预计与工时填写的处理', 'workItem', '4f57e82e181e', '111111', '4cf6d4dec7d0', '2024-11-25 11:12:43.084', 'workType1.png', '5a46432a');
INSERT INTO pmc_recent (id, name, model, model_id, master_id, project_id, recent_time, icon_url, project_type_id) VALUES ('9ee122d3b8ac', '修改日志列表内容过宽，导致一些列被挤压样式变形问题', 'workItem', 'a666ab207fb3', '111111', '4cf6d4dec7d0', '2024-11-25 11:12:51.292', 'workType2.png', '5a46432a');
INSERT INTO pmc_recent (id, name, model, model_id, master_id, project_id, recent_time, icon_url, project_type_id) VALUES ('a7e0fb37ad08', '事项工时页面第一行行间距过小', 'workItem', '609d026e60d2', '111111', '4cf6d4dec7d0', '2024-11-25 11:12:53.016', 'workType3.png', '5a46432a');
INSERT INTO pmc_recent (id, name, model, model_id, master_id, project_id, recent_time, icon_url, project_type_id) VALUES ('3c7bfade0c2f', '事项详情添加工时改为页内浮层、优化关联事项、子事项浮层效果', 'workItem', 'c9eb66ec1137', '111111', '4cf6d4dec7d0', '2024-11-25 11:12:56.101', 'workType3.png', '5a46432a');
INSERT INTO pmc_recent (id, name, model, model_id, master_id, project_id, recent_time, icon_url, project_type_id) VALUES ('495c762d125e', '录入项目，事项模块的测试用例', 'workItem', '52e201ba2c09', '111111', '4cf6d4dec7d0', '2024-11-25 11:12:58.932', 'workType2.png', '5a46432a');
INSERT INTO pmc_recent (id, name, model, model_id, master_id, project_id, recent_time, icon_url, project_type_id) VALUES ('b24f213b5f21', '修改的时候在描述中添加图片发生样式问题', 'workItem', '98d2b5055b51', '111111', '4cf6d4dec7d0', '2024-11-25 11:13:01.202', 'workType3.png', '5a46432a');
INSERT INTO pmc_recent (id, name, model, model_id, master_id, project_id, recent_time, icon_url, project_type_id) VALUES ('debe79ee7e25', '示例瀑布项目', 'project', 'f3fdc893ff25', '111111', 'f3fdc893ff25', '2024-11-25 11:13:08.508', 'project1.png', 'ea782c6d');

INSERT INTO pmc_sprint (id, sprint_name, description, project_id, master, sprint_state_id, start_time, end_time, builder, rela_start_time, rela_end_time, color) VALUES ('0410da30425b', '2024-06-03 ~ 2024-06-14', NULL, '4cf6d4dec7d0', '111111', '000000', '2024-06-03 00:00:00', '2024-06-14 00:00:00', NULL, NULL, '2024-11-25 09:39:34', 0);
INSERT INTO pmc_sprint (id, sprint_name, description, project_id, master, sprint_state_id, start_time, end_time, builder, rela_start_time, rela_end_time, color) VALUES ('caa684dfa094', '2024-06-17 ~ 2024-06-28', NULL, '4cf6d4dec7d0', '111111', '000000', '2024-06-17 00:00:00', '2024-06-28 00:00:00', NULL, NULL, '2024-11-25 09:40:38', 0);

INSERT INTO pmc_work_sprint (id, work_item_id, sprint_id) VALUES ('a7e679b9081a', '52e201ba2c09', 'caa684dfa094');
INSERT INTO pmc_work_sprint (id, work_item_id, sprint_id) VALUES ('c082dc58dcfd', '98d2b5055b51', 'caa684dfa094');
INSERT INTO pmc_work_sprint (id, work_item_id, sprint_id) VALUES ('c48c5170a839', '4f57e82e181e', '0410da30425b');
INSERT INTO pmc_work_sprint (id, work_item_id, sprint_id) VALUES ('aa6764b282cf', 'a666ab207fb3', '0410da30425b');
INSERT INTO pmc_work_sprint (id, work_item_id, sprint_id) VALUES ('3c3b7d221185', '609d026e60d2', '0410da30425b');
INSERT INTO pmc_work_sprint (id, work_item_id, sprint_id) VALUES ('92a6fc17c5f1', 'c9eb66ec1137', 'caa684dfa094');


INSERT INTO pmc_sprint_status (id, name, description, sort, grouper) VALUES ('000000', '未开始', '未开始', 1, 'system');
INSERT INTO pmc_sprint_status (id, name, description, sort, grouper) VALUES ('111111', '进行中', '进行中', 2, 'system');
INSERT INTO pmc_sprint_status (id, name, description, sort, grouper) VALUES ('222222', '已完成', '已完成', 3, 'system');

INSERT INTO pmc_stage (id, stage_name, parent_id, status, progress, master, description, project_id, start_time, end_time, tree_path, root_id, deep, color) VALUES ('17fd0338dbca', '开发阶段', NULL, '0', 0, '111111', NULL, 'f3fdc893ff25', '2024-05-14 00:00:00', '2024-06-25 00:00:00', NULL, '17fd0338dbca', 0, 4);

INSERT INTO pmc_system_url (id, name, system_url, web_url) VALUES ('f7ee9a10', 'sward', 'http://sward.tiklab.net', 'http://sward.tiklab.net');
INSERT INTO pmc_system_url (id, name, system_url, web_url) VALUES ('991f95a1', 'testhubo', 'http://testhubo.tiklab.net', 'http://testhubo.tiklab.net');

INSERT INTO pmc_version (id, name, master, publish_time, start_time, project_id, version_state, rela_publish_time, builder, rela_start_time, color) VALUES ('63b6e50d8dde', 'beta-1.0.0', '111111', '2024-09-30 18:00:00', '2024-06-01 09:00:00', '4cf6d4dec7d0', '000000', NULL, '111111', NULL, 1);
INSERT INTO pmc_version (id, name, master, publish_time, start_time, project_id, version_state, rela_publish_time, builder, rela_start_time, color) VALUES ('72cd3ba61143', 'v1.0.0', '111111', '2024-06-30 18:00:00', '2024-06-01 09:00:00', 'f3fdc893ff25', '000000', NULL, '111111', NULL, 1);

INSERT INTO pmc_work_version (id, work_item_id, version_id) VALUES ('3fade9ae3bad', 'c9eb66ec1137', '63b6e50d8dde');
INSERT INTO pmc_work_version (id, work_item_id, version_id) VALUES ('41f101a7d6f5', '52e201ba2c09', '63b6e50d8dde');
INSERT INTO pmc_work_version (id, work_item_id, version_id) VALUES ('d6548dc43803', '98d2b5055b51', '63b6e50d8dde');
INSERT INTO pmc_work_version (id, work_item_id, version_id) VALUES ('86b28f2f055e', '4f57e82e181e', '63b6e50d8dde');
INSERT INTO pmc_work_version (id, work_item_id, version_id) VALUES ('cc5e375a75b0', 'a666ab207fb3', '63b6e50d8dde');
INSERT INTO pmc_work_version (id, work_item_id, version_id) VALUES ('4ed6602b63aa', '609d026e60d2', '63b6e50d8dde');
INSERT INTO pmc_work_version (id, work_item_id, version_id) VALUES ('8985443b0505', '01801bd8979b', '72cd3ba61143');
INSERT INTO pmc_work_version (id, work_item_id, version_id) VALUES ('e3331e692023', '4972da6af75c', '72cd3ba61143');
INSERT INTO pmc_work_version (id, work_item_id, version_id) VALUES ('4340ae633d3d', '04775ebf4565', '72cd3ba61143');


INSERT INTO pmc_version_status (id, name, description, sort, grouper) VALUES ('000000', '未开始', '未开始', 1, 'system');
INSERT INTO pmc_version_status (id, name, description, sort, grouper) VALUES ('111111', '进行中', '进行中', 2, 'system');
INSERT INTO pmc_version_status (id, name, description, sort, grouper) VALUES ('222222', '已完成', '已完成', 3, 'system');

INSERT INTO pmc_work_item (id, order_num, root_id, title, description, parent_id, tree_path, project_id, work_type_id, work_priority_id, work_status_id, module_id, sprint_id, version_id, pre_depend_id, builder_id, assigner_id, reporter_id, plan_begin_time, plan_end_time, actual_begin_time, actual_end_time, percent, estimate_time, ext_data, build_time, work_status_code, work_type_code, surplus_time, work_type_sys_id, work_status_node_id, each_type, update_time, code, stage_id) VALUES ('4f57e82e181e', 7, '4f57e82e181e', '工时预计与工时填写的处理', '[{"type":"paragraph","children":[{"text":""}]}]', NULL, NULL, '4cf6d4dec7d0', 'b81aef3b', '56035266', '21bfa706', '957ce27eeb81', '0410da30425b', '63b6e50d8dde', NULL, '111111', '111111', NULL, '2024-11-25 00:00:00', '2024-11-25 23:59:59', NULL, NULL, NULL, 5, NULL, '2024-11-25 10:24:33', 'TODO', 'demand', 0, '7055ebc6', 'todo', '6c1d0472', '2024-11-25 11:12:46', 'kanass-1', NULL);
INSERT INTO pmc_work_item (id, order_num, root_id, title, description, parent_id, tree_path, project_id, work_type_id, work_priority_id, work_status_id, module_id, sprint_id, version_id, pre_depend_id, builder_id, assigner_id, reporter_id, plan_begin_time, plan_end_time, actual_begin_time, actual_end_time, percent, estimate_time, ext_data, build_time, work_status_code, work_type_code, surplus_time, work_type_sys_id, work_status_node_id, each_type, update_time, code, stage_id)  VALUES ('a666ab207fb3', 8, 'a666ab207fb3', '修改日志列表内容过宽，导致一些列被挤压样式变形问题', '[{"type":"paragraph","children":[{"text":""}]}]', NULL, NULL, '4cf6d4dec7d0', 'd3ef6551', 'faaecb3d', '5d4f471a', '957ce27eeb81', '0410da30425b', '63b6e50d8dde', NULL, '111111', '111111', NULL, '2024-11-25 00:00:00', '2024-11-25 23:59:59', NULL, NULL, NULL, NULL, NULL, '2024-11-25 10:24:47', 'TODO', 'task', NULL, '778222e0', 'todo', '03da940d', '2024-11-25 11:12:49', 'kanass-2', NULL);
INSERT INTO pmc_work_item (id, order_num, root_id, title, description, parent_id, tree_path, project_id, work_type_id, work_priority_id, work_status_id, module_id, sprint_id, version_id, pre_depend_id, builder_id, assigner_id, reporter_id, plan_begin_time, plan_end_time, actual_begin_time, actual_end_time, percent, estimate_time, ext_data, build_time, work_status_code, work_type_code, surplus_time, work_type_sys_id, work_status_node_id, each_type, update_time, code, stage_id)  VALUES ('609d026e60d2', 9, '609d026e60d2', '事项工时页面第一行行间距过小', '[{"type":"paragraph","children":[{"text":""}]}]', NULL, NULL, '4cf6d4dec7d0', 'a64e8050', '04b440ad', 'b86f5b33', '957ce27eeb81', '0410da30425b', '63b6e50d8dde', NULL, '111111', '111111', NULL, '2024-11-25 00:00:00', '2024-11-25 23:59:59', NULL, NULL, NULL, NULL, NULL, '2024-11-25 10:24:59', 'TODO', 'defect', NULL, '98121701', 'todo', '4922a294', '2024-11-25 11:12:54', 'kanass-3', NULL);
INSERT INTO pmc_work_item (id, order_num, root_id, title, description, parent_id, tree_path, project_id, work_type_id, work_priority_id, work_status_id, module_id, sprint_id, version_id, pre_depend_id, builder_id, assigner_id, reporter_id, plan_begin_time, plan_end_time, actual_begin_time, actual_end_time, percent, estimate_time, ext_data, build_time, work_status_code, work_type_code, surplus_time, work_type_sys_id, work_status_node_id, each_type, update_time, code, stage_id)  VALUES ('c9eb66ec1137', 4, 'c9eb66ec1137', '事项详情添加工时改为页内浮层、优化关联事项、子事项浮层效果', '[{"type":"paragraph","children":[{"text":""}]}]', NULL, NULL, '4cf6d4dec7d0', 'a64e8050', 'faaecb3d', 'b86f5b33', '4072394bbf07', 'caa684dfa094', '63b6e50d8dde', NULL, '111111', '111111', NULL, '2024-11-25 00:00:00', '2024-11-25 23:59:59', NULL, NULL, NULL, NULL, NULL, '2024-11-25 09:43:34', 'TODO', 'defect', NULL, '98121701', 'todo', '4922a294', '2024-11-25 11:12:57', 'kanass-4', NULL);
INSERT INTO pmc_work_item (id, order_num, root_id, title, description, parent_id, tree_path, project_id, work_type_id, work_priority_id, work_status_id, module_id, sprint_id, version_id, pre_depend_id, builder_id, assigner_id, reporter_id, plan_begin_time, plan_end_time, actual_begin_time, actual_end_time, percent, estimate_time, ext_data, build_time, work_status_code, work_type_code, surplus_time, work_type_sys_id, work_status_node_id, each_type, update_time, code, stage_id)  VALUES ('52e201ba2c09', 5, '52e201ba2c09', '录入项目，事项模块的测试用例', '[{"type":"paragraph","children":[{"text":""}]}]', NULL, NULL, '4cf6d4dec7d0', 'd3ef6551', '56035266', '5d4f471a', '4072394bbf07', 'caa684dfa094', '63b6e50d8dde', NULL, '111111', '111111', NULL, '2024-11-25 00:00:00', '2024-11-25 23:59:59', NULL, NULL, NULL, NULL, NULL, '2024-11-25 09:44:37', 'TODO', 'task', NULL, '778222e0', 'todo', '03da940d', '2024-11-25 11:13:00', 'kanass-5', NULL);
INSERT INTO pmc_work_item (id, order_num, root_id, title, description, parent_id, tree_path, project_id, work_type_id, work_priority_id, work_status_id, module_id, sprint_id, version_id, pre_depend_id, builder_id, assigner_id, reporter_id, plan_begin_time, plan_end_time, actual_begin_time, actual_end_time, percent, estimate_time, ext_data, build_time, work_status_code, work_type_code, surplus_time, work_type_sys_id, work_status_node_id, each_type, update_time, code, stage_id)  VALUES ('98d2b5055b51', 6, '98d2b5055b51', '修改的时候在描述中添加图片发生样式问题', '[{"type":"paragraph","children":[{"text":""}]}]', NULL, NULL, '4cf6d4dec7d0', 'a64e8050', 'faaecb3d', 'b86f5b33', '4072394bbf07', 'caa684dfa094', '63b6e50d8dde', NULL, '111111', '111111', NULL, '2024-11-25 00:00:00', '2024-11-25 23:59:59', NULL, NULL, NULL, NULL, NULL, '2024-11-25 10:23:27', 'TODO', 'defect', NULL, '98121701', 'todo', 'e7d7d4ca', '2024-11-25 11:13:03', 'kanass-6', NULL);
INSERT INTO pmc_work_item (id, order_num, root_id, title, description, parent_id, tree_path, project_id, work_type_id, work_priority_id, work_status_id, module_id, sprint_id, version_id, pre_depend_id, builder_id, assigner_id, reporter_id, plan_begin_time, plan_end_time, actual_begin_time, actual_end_time, percent, estimate_time, ext_data, build_time, work_status_code, work_type_code, surplus_time, work_type_sys_id, work_status_node_id, each_type, update_time, code, stage_id)  VALUES ('4972da6af75c', 5, '4972da6af75c', '前端实现知识库导航鼠标点击显示切换知识库列表', '[{"type":"paragraph","children":[{"text":""}]}]', NULL, NULL, 'f3fdc893ff25', 'c9e59337', 'faaecb3d', 'a1297b4b', NULL, NULL, '72cd3ba61143', NULL, '111111', '111111', NULL, '2024-11-25 00:00:00', '2024-11-25 23:59:59', NULL, NULL, NULL, NULL, NULL, '2024-11-25 10:28:27', 'TODO', 'task', NULL, '778222e0', 'todo', '03da940d', NULL, 'sward-2', '17fd0338dbca');
INSERT INTO pmc_work_item (id, order_num, root_id, title, description, parent_id, tree_path, project_id, work_type_id, work_priority_id, work_status_id, module_id, sprint_id, version_id, pre_depend_id, builder_id, assigner_id, reporter_id, plan_begin_time, plan_end_time, actual_begin_time, actual_end_time, percent, estimate_time, ext_data, build_time, work_status_code, work_type_code, surplus_time, work_type_sys_id, work_status_node_id, each_type, update_time, code, stage_id)  VALUES ('01801bd8979b', 4, '01801bd8979b', '实现文档的收藏功能', '[{"type":"paragraph","children":[{"text":""}]}]', NULL, NULL, 'f3fdc893ff25', 'ef23b25f', 'faaecb3d', '962987f7', '911b7d4506bc', NULL, '72cd3ba61143', NULL, '111111', '111111', NULL, '2024-11-25 00:00:00', '2024-11-25 23:59:59', NULL, NULL, NULL, 3, NULL, '2024-11-25 10:28:10', 'TODO', 'demand', 0, '7055ebc6', 'todo', '6c1d0472', '2024-11-25 11:13:46', 'sward-1', '17fd0338dbca');
INSERT INTO pmc_work_item (id, order_num, root_id, title, description, parent_id, tree_path, project_id, work_type_id, work_priority_id, work_status_id, module_id, sprint_id, version_id, pre_depend_id, builder_id, assigner_id, reporter_id, plan_begin_time, plan_end_time, actual_begin_time, actual_end_time, percent, estimate_time, ext_data, build_time, work_status_code, work_type_code, surplus_time, work_type_sys_id, work_status_node_id, each_type, update_time, code, stage_id)  VALUES ('04775ebf4565', 6, '04775ebf4565', '富文本表格移动行有时候会保存不成功', '[{"type":"paragraph","children":[{"text":""}]}]', NULL, NULL, 'f3fdc893ff25', 'dcbf7211', 'faaecb3d', 'b73addff', '911b7d4506bc', NULL, '72cd3ba61143', NULL, '111111', '111111', NULL, '2024-11-25 00:00:00', '2024-11-25 23:59:59', NULL, NULL, NULL, NULL, NULL, '2024-11-25 10:28:37', 'TODO', 'defect', NULL, '98121701', 'todo', '4922a294', '2024-11-25 11:13:51', 'sward-3', '17fd0338dbca');

INSERT INTO pmc_work_type (id, name, description, code, form_id, flow_id, icon_url, grouper, sort, scope) VALUES ('7055ebc6', '需求', '需求', 'demand', '0c5d4ff9', 'a96cf9c9', 'workType1.png', 'system', '1', 0);
INSERT INTO pmc_work_type (id, name, description, code, form_id, flow_id, icon_url, grouper, sort, scope) VALUES ('778222e0', '任务', '任务', 'task', '515f17bd', '4d040c6d', 'workType2.png', 'system', '2', 0);
INSERT INTO pmc_work_type (id, name, description, code, form_id, flow_id, icon_url, grouper, sort, scope) VALUES ('98121701', '缺陷', '缺陷', 'defect', '607f6be6', '3d879830', 'workType3.png', 'system', '3', 0);

INSERT INTO pcs_op_log (id, user_id, module, action_type, content, create_time, bgroup, data, link, abstract_content, action) VALUES ('2add03b6e285', '111111', 'soular', 'USER_LOGIN', NULL, '2024-11-25 09:27:23.492', 'soular', '{"logType":"USER_LOGIN","name":"admin","userName":"管理员","message":""}', NULL, NULL, 'admin');
INSERT INTO pcs_op_log (id, user_id, module, action_type, content, create_time, bgroup, data, link, abstract_content, action) VALUES ('1d2c5d754c59', '111111', 'workItem', 'KANASS_LOGTYPE_WORKITEMADD', NULL, '2024-11-25 09:43:35.772', 'kanass', '{"createTime":"2024-11-25","createUserIcon":"管","workItemType":"a64e8050","workItemId":"c9eb66ec1137","projectName":"示例敏捷项目","projectId":"4cf6d4dec7d0","workItemIcon":"workType3.png","workItemTitle":"事项详情添加工时改为页内浮层、优化关联事项、子事项浮层效果","workItemTypeName":"缺陷","master":"管理员"}', 'http://192.168.10.7:8080/#/project/4cf6d4dec7d0/workitem/c9eb66ec1137', NULL, '事项详情添加工时改为页内浮层、优化关联事项、子事项浮层效果');
INSERT INTO pcs_op_log (id, user_id, module, action_type, content, create_time, bgroup, data, link, abstract_content, action) VALUES ('78a84dc44d0f', '111111', 'workItem', 'KANASS_LOGTYPE_WORKITEMADD', NULL, '2024-11-25 09:44:38.704', 'kanass', '{"createTime":"2024-11-25","createUserIcon":"管","workItemType":"d3ef6551","workItemId":"52e201ba2c09","projectName":"示例敏捷项目","projectId":"4cf6d4dec7d0","workItemIcon":"workType2.png","workItemTitle":"录入项目，事项模块的测试用例","workItemTypeName":"任务","master":"管理员"}', 'http://192.168.10.7:8080/#/project/4cf6d4dec7d0/workitem/52e201ba2c09', NULL, '录入项目，事项模块的测试用例');
INSERT INTO pcs_op_log (id, user_id, module, action_type, content, create_time, bgroup, data, link, abstract_content, action) VALUES ('dcc25e77e5d8', '111111', 'workItem', 'KANASS_LOGTYPE_WORKITEMADD', NULL, '2024-11-25 09:44:39.666', 'kanass', '{"createTime":"2024-11-25","createUserIcon":"管","workItemType":"d3ef6551","workItemId":"f3a22d838292","projectName":"示例敏捷项目","projectId":"4cf6d4dec7d0","workItemIcon":"workType2.png","workItemTitle":"录入项目，事项模块的测试用例","workItemTypeName":"任务","master":"管理员"}', 'http://192.168.10.7:8080/#/project/4cf6d4dec7d0/workitem/f3a22d838292', NULL, '录入项目，事项模块的测试用例');
INSERT INTO pcs_op_log (id, user_id, module, action_type, content, create_time, bgroup, data, link, abstract_content, action) VALUES ('9d62fbef4a11', '111111', 'soular', 'USER_LOGIN', NULL, '2024-11-25 10:00:49.612', 'soular', '{"logType":"USER_LOGIN","name":"admin","userName":"管理员","message":""}', NULL, NULL, 'admin');
INSERT INTO pcs_op_log (id, user_id, module, action_type, content, create_time, bgroup, data, link, abstract_content, action) VALUES ('0f4891c1f360', '111111', 'soular', 'USER_LOGIN', NULL, '2024-11-25 10:14:06.923', 'soular', '{"logType":"USER_LOGIN","name":"admin","userName":"管理员","message":""}', NULL, NULL, 'admin');
INSERT INTO pcs_op_log (id, user_id, module, action_type, content, create_time, bgroup, data, link, abstract_content, action) VALUES ('3a7fda2d3a0f', '111111', 'workItem', 'KANASS_LOGTYPE_WORKITEMADD', NULL, '2024-11-25 10:23:28.713', 'kanass', '{"createTime":"2024-11-25","createUserIcon":"管","workItemType":"a64e8050","workItemId":"98d2b5055b51","projectName":"示例敏捷项目","projectId":"4cf6d4dec7d0","workItemIcon":"workType3.png","workItemTitle":"修改的时候在描述中添加图片发生样式问题","workItemTypeName":"缺陷","master":"管理员"}', 'http://192.168.10.7:8080/#/project/4cf6d4dec7d0/workitem/98d2b5055b51', NULL, '修改的时候在描述中添加图片发生样式问题');
INSERT INTO pcs_op_log (id, user_id, module, action_type, content, create_time, bgroup, data, link, abstract_content, action) VALUES ('fbe433be2268', '111111', 'workItem', 'KANASS_LOGTYPE_WORKITEMADD', NULL, '2024-11-25 10:24:34.22', 'kanass', '{"createTime":"2024-11-25","createUserIcon":"管","workItemType":"b81aef3b","workItemId":"4f57e82e181e","projectName":"示例敏捷项目","projectId":"4cf6d4dec7d0","workItemIcon":"workType1.png","workItemTitle":"工时预计与工时填写的处理","workItemTypeName":"需求","master":"管理员"}', 'http://192.168.10.7:8080/#/project/4cf6d4dec7d0/workitem/4f57e82e181e', NULL, '工时预计与工时填写的处理');
INSERT INTO pcs_op_log (id, user_id, module, action_type, content, create_time, bgroup, data, link, abstract_content, action) VALUES ('dcf49e207785', '111111', 'workItem', 'KANASS_LOGTYPE_WORKITEMADD', NULL, '2024-11-25 10:24:48.32', 'kanass', '{"createTime":"2024-11-25","createUserIcon":"管","workItemType":"d3ef6551","workItemId":"a666ab207fb3","projectName":"示例敏捷项目","projectId":"4cf6d4dec7d0","workItemIcon":"workType2.png","workItemTitle":"修改日志列表内容过宽，导致一些列被挤压样式变形问题","workItemTypeName":"任务","master":"管理员"}', 'http://192.168.10.7:8080/#/project/4cf6d4dec7d0/workitem/a666ab207fb3', NULL, '修改日志列表内容过宽，导致一些列被挤压样式变形问题');
INSERT INTO pcs_op_log (id, user_id, module, action_type, content, create_time, bgroup, data, link, abstract_content, action) VALUES ('14047feb4bf8', '111111', 'workItem', 'KANASS_LOGTYPE_WORKITEMADD', NULL, '2024-11-25 10:25:00.233', 'kanass', '{"createTime":"2024-11-25","createUserIcon":"管","workItemType":"a64e8050","workItemId":"609d026e60d2","projectName":"示例敏捷项目","projectId":"4cf6d4dec7d0","workItemIcon":"workType3.png","workItemTitle":"事项工时页面第一行行间距过小","workItemTypeName":"缺陷","master":"管理员"}', 'http://192.168.10.7:8080/#/project/4cf6d4dec7d0/workitem/609d026e60d2', NULL, '事项工时页面第一行行间距过小');
INSERT INTO pcs_op_log (id, user_id, module, action_type, content, create_time, bgroup, data, link, abstract_content, action) VALUES ('a6386a99ca46', '111111', 'workItem', 'KANASS_LOGTYPE_WORKITEMADD', NULL, '2024-11-25 10:28:11.247', 'kanass', '{"createTime":"2024-11-25","createUserIcon":"管","workItemType":"ef23b25f","workItemId":"01801bd8979b","projectName":"示例瀑布项目","projectId":"f3fdc893ff25","workItemIcon":"workType1.png","workItemTitle":"实现文档的收藏功能","workItemTypeName":"需求","master":"管理员"}', 'http://192.168.10.7:8080/#/project/f3fdc893ff25/workitem/01801bd8979b', NULL, '实现文档的收藏功能');
INSERT INTO pcs_op_log (id, user_id, module, action_type, content, create_time, bgroup, data, link, abstract_content, action) VALUES ('a93e97cbae9c', '111111', 'workItem', 'KANASS_LOGTYPE_WORKITEMADD', NULL, '2024-11-25 10:28:28.259', 'kanass', '{"createTime":"2024-11-25","createUserIcon":"管","workItemType":"c9e59337","workItemId":"4972da6af75c","projectName":"示例瀑布项目","projectId":"f3fdc893ff25","workItemIcon":"workType2.png","workItemTitle":"前端实现知识库导航鼠标点击显示切换知识库列表","workItemTypeName":"任务","master":"管理员"}', 'http://192.168.10.7:8080/#/project/f3fdc893ff25/workitem/4972da6af75c', NULL, '前端实现知识库导航鼠标点击显示切换知识库列表');
INSERT INTO pcs_op_log (id, user_id, module, action_type, content, create_time, bgroup, data, link, abstract_content, action) VALUES ('98dda0615f19', '111111', 'workItem', 'KANASS_LOGTYPE_WORKITEMADD', NULL, '2024-11-25 10:28:38.601', 'kanass', '{"createTime":"2024-11-25","createUserIcon":"管","workItemType":"dcbf7211","workItemId":"04775ebf4565","projectName":"示例瀑布项目","projectId":"f3fdc893ff25","workItemIcon":"workType3.png","workItemTitle":"富文本表格移动行有时候会保存不成功","workItemTypeName":"缺陷","master":"管理员"}', 'http://192.168.10.7:8080/#/project/f3fdc893ff25/workitem/04775ebf4565', NULL, '富文本表格移动行有时候会保存不成功');

INSERT INTO pcs_todo_task (id, create_user, assign_user, title, status, bgroup, endtime, createtime, remark, content, starttime, todo_type, data, link, action) VALUES ('7167abf6ca7f', '111111', '111111', '待办事项', 1, 'kanass', '2024-11-25 23:59:59', '2024-11-25 10:28:11.284', NULL, NULL, NULL, 'KANASS_TODOTYPE_WORKITEMTODO', '{"receiveTime":"2024-11-25","versionId":"72cd3ba61143","createUserIcon":"管","createUser":{"dirId":"1","id":"111111","name":"admin","nickname":"管理员","password":"e10adc3949ba59abbe56e057f20f883e","status":1,"type":1},"workItemId":"01801bd8979b","projectId":"f3fdc893ff25","workItemTitle":"实现文档的收藏功能"}', 'http://192.168.10.7:8080/#/project/f3fdc893ff25/workitem/01801bd8979b', '实现文档的收藏功能');
INSERT INTO pcs_todo_task (id, create_user, assign_user, title, status, bgroup, endtime, createtime, remark, content, starttime, todo_type, data, link, action) VALUES ('f2521477bcbd', '111111', '111111', '待办事项', 1, 'kanass', '2024-11-25 23:59:59', '2024-11-25 09:44:38.733', NULL, NULL, NULL, 'KANASS_TODOTYPE_WORKITEMTODO', '{"receiveTime":"2024-11-25","sprintId":"caa684dfa094","versionId":"63b6e50d8dde","createUserIcon":"管","createUser":{"dirId":"1","id":"111111","name":"admin","nickname":"管理员","password":"e10adc3949ba59abbe56e057f20f883e","status":1,"type":1},"workItemId":"52e201ba2c09","projectId":"4cf6d4dec7d0","workItemTitle":"录入项目，事项模块的测试用例"}', 'http://192.168.10.7:8080/#/project/4cf6d4dec7d0/workitem/52e201ba2c09', '录入项目，事项模块的测试用例');
INSERT INTO pcs_todo_task (id, create_user, assign_user, title, status, bgroup, endtime, createtime, remark, content, starttime, todo_type, data, link, action) VALUES ('c23a030e6413', '111111', '111111', '待办事项', 1, 'kanass', '2024-11-25 23:59:59', '2024-11-25 10:23:28.757', NULL, NULL, NULL, 'KANASS_TODOTYPE_WORKITEMTODO', '{"receiveTime":"2024-11-25","sprintId":"caa684dfa094","versionId":"63b6e50d8dde","createUserIcon":"管","createUser":{"dirId":"1","id":"111111","name":"admin","nickname":"管理员","password":"e10adc3949ba59abbe56e057f20f883e","status":1,"type":1},"workItemId":"98d2b5055b51","projectId":"4cf6d4dec7d0","workItemTitle":"修改的时候在描述中添加图片发生样式问题"}', 'http://192.168.10.7:8080/#/project/4cf6d4dec7d0/workitem/98d2b5055b51', '修改的时候在描述中添加图片发生样式问题');
INSERT INTO pcs_todo_task (id, create_user, assign_user, title, status, bgroup, endtime, createtime, remark, content, starttime, todo_type, data, link, action) VALUES ('6e3b8e0b98c5', '111111', '111111', '待办事项', 1, 'kanass', '2024-11-25 23:59:59', '2024-11-25 10:24:34.253', NULL, NULL, NULL, 'KANASS_TODOTYPE_WORKITEMTODO', '{"receiveTime":"2024-11-25","sprintId":"0410da30425b","versionId":"63b6e50d8dde","createUserIcon":"管","createUser":{"dirId":"1","id":"111111","name":"admin","nickname":"管理员","password":"e10adc3949ba59abbe56e057f20f883e","status":1,"type":1},"workItemId":"4f57e82e181e","projectId":"4cf6d4dec7d0","workItemTitle":"工时预计与工时填写的处理"}', 'http://192.168.10.7:8080/#/project/4cf6d4dec7d0/workitem/4f57e82e181e', '工时预计与工时填写的处理');
INSERT INTO pcs_todo_task (id, create_user, assign_user, title, status, bgroup, endtime, createtime, remark, content, starttime, todo_type, data, link, action) VALUES ('c1c78be78135', '111111', '111111', '待办事项', 1, 'kanass', '2024-11-25 23:59:59', '2024-11-25 10:24:48.401', NULL, NULL, NULL, 'KANASS_TODOTYPE_WORKITEMTODO', '{"receiveTime":"2024-11-25","sprintId":"0410da30425b","versionId":"63b6e50d8dde","createUserIcon":"管","createUser":{"dirId":"1","id":"111111","name":"admin","nickname":"管理员","password":"e10adc3949ba59abbe56e057f20f883e","status":1,"type":1},"workItemId":"a666ab207fb3","projectId":"4cf6d4dec7d0","workItemTitle":"修改日志列表内容过宽，导致一些列被挤压样式变形问题"}', 'http://192.168.10.7:8080/#/project/4cf6d4dec7d0/workitem/a666ab207fb3', '修改日志列表内容过宽，导致一些列被挤压样式变形问题');
INSERT INTO pcs_todo_task (id, create_user, assign_user, title, status, bgroup, endtime, createtime, remark, content, starttime, todo_type, data, link, action) VALUES ('1b377dcbee69', '111111', '111111', '待办事项', 1, 'kanass', '2024-11-25 23:59:59', '2024-11-25 10:25:00.268', NULL, NULL, NULL, 'KANASS_TODOTYPE_WORKITEMTODO', '{"receiveTime":"2024-11-25","sprintId":"0410da30425b","versionId":"63b6e50d8dde","createUserIcon":"管","createUser":{"dirId":"1","id":"111111","name":"admin","nickname":"管理员","password":"e10adc3949ba59abbe56e057f20f883e","status":1,"type":1},"workItemId":"609d026e60d2","projectId":"4cf6d4dec7d0","workItemTitle":"事项工时页面第一行行间距过小"}', 'http://192.168.10.7:8080/#/project/4cf6d4dec7d0/workitem/609d026e60d2', '事项工时页面第一行行间距过小');
INSERT INTO pcs_todo_task (id, create_user, assign_user, title, status, bgroup, endtime, createtime, remark, content, starttime, todo_type, data, link, action) VALUES ('6685daa67a5c', '111111', '111111', '待办事项', 1, 'kanass', '2024-11-25 23:59:59', '2024-11-25 09:43:35.89', NULL, NULL, NULL, 'KANASS_TODOTYPE_WORKITEMTODO', '{"receiveTime":"2024-11-25","sprintId":"caa684dfa094","versionId":"63b6e50d8dde","createUserIcon":"管","createUser":{"dirId":"1","id":"111111","name":"admin","nickname":"管理员","password":"e10adc3949ba59abbe56e057f20f883e","status":1,"type":1},"workItemId":"c9eb66ec1137","projectId":"4cf6d4dec7d0","workItemTitle":"事项详情添加工时改为页内浮层、优化关联事项、子事项浮层效果"}', 'http://192.168.10.7:8080/#/project/4cf6d4dec7d0/workitem/c9eb66ec1137', '事项详情添加工时改为页内浮层、优化关联事项、子事项浮层效果');
INSERT INTO pcs_todo_task (id, create_user, assign_user, title, status, bgroup, endtime, createtime, remark, content, starttime, todo_type, data, link, action) VALUES ('e7f17a86ed51', '111111', '111111', '待办事项', 1, 'kanass', '2024-11-25 23:59:59', '2024-11-25 10:28:28.298', NULL, NULL, NULL, 'KANASS_TODOTYPE_WORKITEMTODO', '{"receiveTime":"2024-11-25","versionId":"72cd3ba61143","createUserIcon":"管","createUser":{"dirId":"1","id":"111111","name":"admin","nickname":"管理员","password":"e10adc3949ba59abbe56e057f20f883e","status":1,"type":1},"workItemId":"4972da6af75c","projectId":"f3fdc893ff25","workItemTitle":"前端实现知识库导航鼠标点击显示切换知识库列表"}', 'http://192.168.10.7:8080/#/project/f3fdc893ff25/workitem/4972da6af75c', '前端实现知识库导航鼠标点击显示切换知识库列表');
INSERT INTO pcs_todo_task (id, create_user, assign_user, title, status, bgroup, endtime, createtime, remark, content, starttime, todo_type, data, link, action) VALUES ('af09e39cfc60', '111111', '111111', '待办事项', 1, 'kanass', '2024-11-25 23:59:59', '2024-11-25 10:28:38.633', NULL, NULL, NULL, 'KANASS_TODOTYPE_WORKITEMTODO', '{"receiveTime":"2024-11-25","versionId":"72cd3ba61143","createUserIcon":"管","createUser":{"dirId":"1","id":"111111","name":"admin","nickname":"管理员","password":"e10adc3949ba59abbe56e057f20f883e","status":1,"type":1},"workItemId":"04775ebf4565","projectId":"f3fdc893ff25","workItemTitle":"富文本表格移动行有时候会保存不成功"}', 'http://192.168.10.7:8080/#/project/f3fdc893ff25/workitem/04775ebf4565', '富文本表格移动行有时候会保存不成功');

INSERT INTO pmc_milestone (id, project_id, name, milestone_time, master, milestone_status) VALUES ('905925bcf2c5', 'f3fdc893ff25', '发布正式v1.0.0', '2024-11-25 00:00:00', '111111', '0');
INSERT INTO pmc_milestone (id, project_id, name, milestone_time, master, milestone_status) VALUES ('489650c65913', '4cf6d4dec7d0', '发布正式版本', '2025-02-10 00:00:00', '111111', '0');

INSERT INTO pmc_module (id, module_name, description, parent_id, project_id) VALUES ('4072394bbf07', '项目模块', '项目模块', NULL, '4cf6d4dec7d0');
INSERT INTO pmc_module (id, module_name, description, parent_id, project_id) VALUES ('957ce27eeb81', '工时模块', '工时模块', NULL, '4cf6d4dec7d0');
INSERT INTO pmc_module (id, module_name, description, parent_id, project_id) VALUES ('911b7d4506bc', '文档模块', '文档模块', NULL, 'f3fdc893ff25');
INSERT INTO pmc_module (id, module_name, description, parent_id, project_id) VALUES ('4f14bc486fb6', '知识库模块', '知识库模块', NULL, 'f3fdc893ff25');

INSERT INTO pmc_project_set (id, name, start_time, end_time, creator, project_set_limits, remark, sort, master, is_delete, creat_time, update_time, color) VALUES ('4c690ab87ce0', '示例项目集', '2019-11-01 00:00:00', '2025-03-01 00:00:00', '111111', '0', NULL, 1, '111111', NULL, '2024-11-25 00:00:00', NULL, 2);

INSERT INTO pmc_work_log (id, work_item_id, worker, work_date, takeup_time, work_content, creat_time, update_time, project_id) VALUES ('779a2c3734a0', '01801bd8979b', '111111', '2024-11-25 10:29:37.399', 1, '实现接口', NULL, NULL, 'f3fdc893ff25');
INSERT INTO pmc_work_log (id, work_item_id, worker, work_date, takeup_time, work_content, creat_time, update_time, project_id) VALUES ('073d2ffeacbf', '01801bd8979b', '111111', '2024-11-25 10:29:58.512', 1, '实现前端页面', NULL, NULL, 'f3fdc893ff25');
INSERT INTO pmc_work_log (id, work_item_id, worker, work_date, takeup_time, work_content, creat_time, update_time, project_id) VALUES ('e0cb8e3b7d37', '4f57e82e181e', '111111', '2024-11-25 10:30:50.771', 1, '设计页面', NULL, NULL, '4cf6d4dec7d0');
INSERT INTO pmc_work_log (id, work_item_id, worker, work_date, takeup_time, work_content, creat_time, update_time, project_id) VALUES ('c480e46739b6', '4f57e82e181e', '111111', '2024-11-25 10:31:20.477', 4, '实现功能', NULL, NULL, '4cf6d4dec7d0');


INSERT INTO pmc_work_type_dm (id, project_id, work_type_id, form_id, flow_id) VALUES ('b81aef3b', '4cf6d4dec7d0', '7055ebc6', 'cd46de1f', '6fef9d3d');
INSERT INTO pmc_work_type_dm (id, project_id, work_type_id, form_id, flow_id) VALUES ('a64e8050', '4cf6d4dec7d0', '98121701', 'c323f12b', '5b1c9c40');
INSERT INTO pmc_work_type_dm (id, project_id, work_type_id, form_id, flow_id) VALUES ('d3ef6551', '4cf6d4dec7d0', '778222e0', '12267b6d', '9e7f5ea4');
INSERT INTO pmc_work_type_dm (id, project_id, work_type_id, form_id, flow_id) VALUES ('ef23b25f', 'f3fdc893ff25', '7055ebc6', '0e425461', 'b1c53a54');
INSERT INTO pmc_work_type_dm (id, project_id, work_type_id, form_id, flow_id) VALUES ('dcbf7211', 'f3fdc893ff25', '98121701', 'c430e1ad', '34d7bf2c');
INSERT INTO pmc_work_type_dm (id, project_id, work_type_id, form_id, flow_id) VALUES ('c9e59337', 'f3fdc893ff25', '778222e0', '9c338860', '3b0fc788');

--INSERT INTO pcs_op_log_type (id, name, bgroup) VALUES ('1bba4e45931f', '事项更新', 'kanass');
--INSERT INTO pcs_op_log_type (id, name, bgroup) VALUES ('a1f2cb478fad', '事项添加', 'kanass');
--INSERT INTO pcs_op_log_type (id, name, bgroup) VALUES ('ff0a79e4fc61', '添加项目', 'kanass');
INSERT INTO pcs_op_log_type (id, name, bgroup) VALUES ('KANASS_LOGTYPE_WORKITEMADD', '添加事项', 'kanass');
INSERT INTO pcs_op_log_type (id, name, bgroup) VALUES ('KANASS_LOGTYPE_PROJECTADD', '添加了项目', 'kanass');
INSERT INTO pcs_op_log_type (id, name, bgroup) VALUES ('KANASS_LOGTYPE_WORKUPDATEMASTER', '更新了事项负责人', 'kanass');
INSERT INTO pcs_op_log_type (id, name, bgroup) VALUES ('KANASS_LOGTYPE_WORKUPDATESTATUS', '更新了事项状态', 'kanass');

INSERT INTO pcs_op_log_template (id, title, content, link, bgroup, abstract_content) VALUES ('31d39e6f981a', '事项状态修改', '<div style=display: flex; align-items: center; font-size: 14px; justify-content: space-between;>
        <div style=display: flex;align-items: center;>
            <div style=width: 25px; height: 25px; line-height: 25px; background-color: #ccc; border-radius: 32px;text-align: center; color: #fff;>${createUserIcon}</div>
            <div style=display: flex; flex-direction: column; padding: 0 20px;>
                <div>
                    <span style=padding-right: 10px;> ${master.nickname} </span> 更新了
                    <span style=color: #5d70ea;font-size: 13px; font-weight: 500;> ${workItemTitle} </span> 状态
                </div>
                <div style=line-height: 40px; display: flex; align-items: center; height: 40px;>
                    <div style=padding: 5px 10px; background-color: #F4F5F7; font-size: 12px; line-height: 15px;border-radius: 5px; margin-right: 10px;>
                    ${oldValue. name}
                    </div> ——— <div style=padding: 5px 10px; background-color: #F4F5F7; font-size: 12px; line-height: 15px; border-radius: 5px;margin-left: 10px;>
                     ${newValue. name}
                    </div>
                </div>
            </div>
        </div>
        <div style=font-size: 13px;> ${receiveTime} </div>
    </div>', 'index/work/workone/${workItemId}', 'kanass', '${master.nickname}更新了状态');
INSERT INTO pcs_op_log_template (id, title, content, link, bgroup, abstract_content) VALUES ('c5613dbc2726', '项目添加日志', '<div style=display: flex; align-items: center; font-size: 14px; justify-content: space-between;>
        <div style=display: flex;align-items: center;>
            <div style=width: 25px; height: 25px; line-height: 25px; background-color: #ccc; border-radius: 32px;text-align: center; color: #fff;>${createUserIcon}</div>
            <div style=display: flex; flex-direction: column; padding: 0 20px;>
                <div> <span style=padding-right: 10px;> ${master} </span> 创建了项目 </div>
                <div style=line-height: 40px; display: flex; align-items: center; height: 40px;>
                    <div style=font-size: 12px; height: 15px; line-height: 15px; border-radius: 5px; margin-right:10px;>
                    <img src=${projectIcon} alt= width=16px height=16px> </div>
                    <div style=color: #5d70ea; cursor: pointer; font-size: 12px; height: 15px; line-height: 15px;border-radius: 5px;> ${projectName} </div>
                </div>
            </div>
        </div>
        <div style=font-size: 13px;> ${creatTime} </div>
    </div>', '/index/${projectType}/${projectId}/survey', 'kanass', '${master}添加项目');
INSERT INTO pcs_op_log_template (id, title, content, link, bgroup, abstract_content) VALUES ('4c4d9114ddc0', '事项负责人修改', '<div style=display: flex; align-items: center; font-size: 14px; justify-content: space-between;>
        <div style=display: flex;align-items: center;>
            <div style=width: 25px; height: 25px; line-height: 25px; background-color: #ccc; border-radius: 32px;text-align: center; color: #fff;>${createUserIcon}</div>
            <div style=display: flex; flex-direction: column; padding: 0 20px;>
                <div>
                    <span style=padding-right: 10px;> ${master.nickname} </span> 更新了
                    <span style=color: #5d70ea;font-size: 13px; font-weight: 500;> ${workItemTitle} </span> 负责人 </div>
                <div style=line-height: 40px; display: flex; align-items: center; height: 40px;>
                    <div style=padding: 5px 10px; background-color: #F4F5F7; font-size: 12px; line-height: 15px;border-radius: 5px; margin-right: 10px;>
                    ${oldValue.nickname}
                    </div> ———
                    <div style=padding: 5px 10px; background-color: #F4F5F7; font-size: 12px; line-height: 15px; border-radius: 5px;margin-left: 10px;> ${newValue.nickname} </div>
                </div>
            </div>
        </div>
        <div style=font-size: 13px;> ${receiveTime} </div>
    </div>', 'index/work/workone/${workItemId}', 'kanass', '${master.nickname}更换负责人');
INSERT INTO pcs_op_log_template (id, title, content, link, bgroup, abstract_content) VALUES ('f621925c6e63', '事项添加', '<div style=display: flex; align-items: center; font-size: 14px; justify-content: space-between;>
        <div style=display: flex;align-items: center;>
            <div
                style=width: 25px; height: 25px; line-height: 25px; background-color: #ccc; border-radius: 32px; text-align: center; color: #fff;>
                ${createUserIcon}
            </div>
            <div style=display: flex; flex-direction: column; padding: 0 20px;>
                <div> <span style=padding-right: 10px;> ${master} </span> 创建了${workItemTypeName} </div>
                <div style=line-height: 40px; display: flex; align-items: center; height: 40px;>
                    <div
                        style=font-size: 12px; height: 15px; line-height: 15px; border-radius: 5px; margin-right: 10px;>
                        <img src=${workItemIcon} alt=width=16px height=16px>
                    </div>
                    <div
                        style=color: #5d70ea; cursor: pointer; font-size: 12px; height: 15px; line-height: 15px; border-radius: 5px;>
                        ${workItemTitle} </div>
                </div>
            </div>
        </div>
        <div style=font-size: 13px;> ${createTime} </div>
    </div>', 'index/work/workone/${workItemId}', 'kanass', '${master}添加事项');


INSERT INTO pcs_mec_webhook (id, name, type, hook, secret, url, product, project, send_type, params, description) VALUES ('61f8b3bba61a', '企业微信', 2, 'https://qyapi.weixin.qq.com/cgi-bin/webhook/send?key=f82568d4-2a86-45e6-9b55-c42df09a60f2', NULL, 'http://project.dev.doublekit.io', NULL, NULL, 1, 'text', NULL);
INSERT INTO pcs_mec_webhook (id, name, type, hook, secret, url, product, project, send_type, params, description) VALUES ('95444abff27f', '钉钉', 1, 'https://oapi.dingtalk.com/robot/send?access_token=49886270bff587fbd2da563e194667b5f669acf4b71751729ba9c24a084237ac', 'SEC72979f777deef91fdeeb4faad8ac70a4730168ee3b04dacbf52757279209e4a8', 'http://project.dev.doublekit.io', NULL, NULL, 1, 'text', NULL);

INSERT INTO pcs_mec_message_dm_notice (id, message_notice_id, domain_id, source_notice_id, is_open) VALUES ('c34e73e1f4ea', '78914538e0e1', '4cf6d4dec7d0', 'KANASS_MESSAGE_UPDATESTATUS', 'true');
INSERT INTO pcs_mec_message_dm_notice (id, message_notice_id, domain_id, source_notice_id, is_open) VALUES ('31d4efbd6387', 'c40917e34fe7', '4cf6d4dec7d0', 'KANASS_MESSAGE_SPRINTUPDATE', 'true');
INSERT INTO pcs_mec_message_dm_notice (id, message_notice_id, domain_id, source_notice_id, is_open) VALUES ('c66bc7a613da', '2aa75d9b7404', '4cf6d4dec7d0', 'KANASS_MESSAGE_SPRINTCREATE', 'true');
INSERT INTO pcs_mec_message_dm_notice (id, message_notice_id, domain_id, source_notice_id, is_open) VALUES ('b143c9d1b205', 'ec2e7d6f2a16', 'f3fdc893ff25', 'KANASS_MESSAGE_UPDATESTATUS', 'true');
INSERT INTO pcs_mec_message_dm_notice (id, message_notice_id, domain_id, source_notice_id, is_open) VALUES ('3cd2870a14b0', '0a7741cfc720', 'f3fdc893ff25', 'KANASS_MESSAGE_SPRINTUPDATE', 'true');
INSERT INTO pcs_mec_message_dm_notice (id, message_notice_id, domain_id, source_notice_id, is_open) VALUES ('7e3ecfde7ea5', '0b6ae5039901', 'f3fdc893ff25', 'KANASS_MESSAGE_SPRINTCREATE', 'true');

INSERT INTO pcs_mec_message_notice (id, message_type_id, type, bgroup, message_send_type_id, scope, is_open) VALUES ('85ec3cbfc67d', 'KANASS_MESSAGETYPE_SPRINTCREATE', 2, 'kanass', 'site', 2, 'true');
INSERT INTO pcs_mec_message_notice (id, message_type_id, type, bgroup, message_send_type_id, scope, is_open) VALUES ('c884dfbdb8a7', 'KANASS_MESSAGETYPE_SPRINTCREATE', 2, 'kanass', 'site', 2, 'true');
INSERT INTO pcs_mec_message_notice (id, message_type_id, type, bgroup, message_send_type_id, scope, is_open) VALUES ('KANASS_MESSAGE_UPDATESTATUS', 'KANASS_MESSAGETYPE_UPDATESTATUS', 2, 'kanass', 'site,qywechat', 1, 'true');
INSERT INTO pcs_mec_message_notice (id, message_type_id, type, bgroup, message_send_type_id, scope, is_open) VALUES ('KANASS_MESSAGE_SPRINTUPDATE', 'KANASS_MESSAGETYPE_SPRINTUPDATE', 2, 'kanass', 'site,qywechat', 1, 'true');
INSERT INTO pcs_mec_message_notice (id, message_type_id, type, bgroup, message_send_type_id, scope, is_open) VALUES ('KANASS_MESSAGE_SPRINTCREATE', 'KANASS_MESSAGETYPE_SPRINTCREATE', 2, 'kanass', 'site,qywechat', 1, 'true');
INSERT INTO pcs_mec_message_notice (id, message_type_id, type, bgroup, message_send_type_id, scope, is_open) VALUES ('78914538e0e1', 'KANASS_MESSAGETYPE_UPDATESTATUS', 2, 'kanass', 'site,qywechat', 2, 'true');
INSERT INTO pcs_mec_message_notice (id, message_type_id, type, bgroup, message_send_type_id, scope, is_open) VALUES ('c40917e34fe7', 'KANASS_MESSAGETYPE_SPRINTUPDATE', 2, 'kanass', 'site,qywechat', 2, 'true');
INSERT INTO pcs_mec_message_notice (id, message_type_id, type, bgroup, message_send_type_id, scope, is_open) VALUES ('2aa75d9b7404', 'KANASS_MESSAGETYPE_SPRINTCREATE', 2, 'kanass', 'site,qywechat', 2, 'true');
INSERT INTO pcs_mec_message_notice (id, message_type_id, type, bgroup, message_send_type_id, scope, is_open) VALUES ('ec2e7d6f2a16', 'KANASS_MESSAGETYPE_UPDATESTATUS', 2, 'kanass', 'site,qywechat', 2, 'true');
INSERT INTO pcs_mec_message_notice (id, message_type_id, type, bgroup, message_send_type_id, scope, is_open) VALUES ('0a7741cfc720', 'KANASS_MESSAGETYPE_SPRINTUPDATE', 2, 'kanass', 'site,qywechat', 2, 'true');
INSERT INTO pcs_mec_message_notice (id, message_type_id, type, bgroup, message_send_type_id, scope, is_open) VALUES ('0b6ae5039901', 'KANASS_MESSAGETYPE_SPRINTCREATE', 2, 'kanass', 'site,qywechat', 2, 'true');

INSERT INTO pcs_mec_message_notice_connect_vrole (id, message_notice_id, vrole_id) VALUES ('d0e68bbfc991', 'KANASS_MESSAGE_SPRINTCREATE', 'PROJECT_ADMINISTRATORS');
INSERT INTO pcs_mec_message_notice_connect_vrole (id, message_notice_id, vrole_id) VALUES ('f1facce1b028', 'KANASS_MESSAGE_SPRINTUPDATE', 'SPRINT_MASTER');
INSERT INTO pcs_mec_message_notice_connect_vrole (id, message_notice_id, vrole_id) VALUES ('ebf674a9be6b', 'KANASS_MESSAGE_UPDATESTATUS', 'WORK_ITEM_ASSIGNER');
INSERT INTO pcs_mec_message_notice_connect_vrole (id, message_notice_id, vrole_id) VALUES ('a5c1bbe0b89d', 'KANASS_MESSAGE_UPDATESTATUS', 'WORK_ITEM_AUDITOR');
INSERT INTO pcs_mec_message_notice_connect_vrole (id, message_notice_id, vrole_id) VALUES ('2a2374d57557', '78914538e0e1', 'WORK_ITEM_ASSIGNER');
INSERT INTO pcs_mec_message_notice_connect_vrole (id, message_notice_id, vrole_id) VALUES ('de2ea5d3d8c2', '78914538e0e1', 'WORK_ITEM_AUDITOR');
INSERT INTO pcs_mec_message_notice_connect_vrole (id, message_notice_id, vrole_id) VALUES ('4fa2b293e3d9', 'c40917e34fe7', 'SPRINT_MASTER');
INSERT INTO pcs_mec_message_notice_connect_vrole (id, message_notice_id, vrole_id) VALUES ('34296aa57dfe', '2aa75d9b7404', 'PROJECT_ADMINISTRATORS');
INSERT INTO pcs_mec_message_notice_connect_vrole (id, message_notice_id, vrole_id) VALUES ('5585b3e16b9b', 'ec2e7d6f2a16', 'WORK_ITEM_ASSIGNER');
INSERT INTO pcs_mec_message_notice_connect_vrole (id, message_notice_id, vrole_id) VALUES ('359f22044db6', 'ec2e7d6f2a16', 'WORK_ITEM_AUDITOR');
INSERT INTO pcs_mec_message_notice_connect_vrole (id, message_notice_id, vrole_id) VALUES ('55b6958342d1', '0a7741cfc720', 'SPRINT_MASTER');
INSERT INTO pcs_mec_message_notice_connect_vrole (id, message_notice_id, vrole_id) VALUES ('777fab6513b9', '0b6ae5039901', 'PROJECT_ADMINISTRATORS');


INSERT INTO pcs_mec_message_template (id, msg_type_id, msg_send_type_id, title, content, link, bgroup, link_params) VALUES ('KANASS_MESSAGETEMPLATE_SPRINTCREATE', 'KANASS_MESSAGETYPE_SPRINTCREATE', 'site', '添加迭代站内信', '添加迭代', NULL, 'kanass', NULL);
INSERT INTO pcs_mec_message_template (id, msg_type_id, msg_send_type_id, title, content, link, bgroup, link_params) VALUES ('360bc3434154', 'KANASS_MESSAGETYPE_JOINPROSET', 'qywechat', NULL, E'你成为项目集新成员
\n><font color=comment>项目集: </font> [${projectSetName}](${qywxurl})
\n><font color=comment>邀请人: </font>  ${createUser.nickname} ', '/projectSetdetail/${projectSetId}/projectSetProjectList', 'kanass', NULL);
INSERT INTO pcs_mec_message_template (id, msg_type_id, msg_send_type_id, title, content, link, bgroup, link_params) VALUES ('d5a6bb377044', 'KANASS_MESSAGETYPE_JOINPROJECT', 'qywechat', NULL, E'你成为项目新成员
\n><font color=comment>项目:     </font>  [${projectName}](${qywxurl})
\n><font color=comment>邀请人: </font>  ${createUser.nickname} ', '/projectDetail/${projectId}/workTable', 'kanass', NULL);
INSERT INTO pcs_mec_message_template (id, msg_type_id, msg_send_type_id, title, content, link, bgroup, link_params) VALUES ('508ace46c291', 'KANASS_MESSAGETYPE_UPDATESTATUS', 'qywechat', NULL, E'更新事项 <font color=info> [${workItemTitle}](${qywxurl})</font>状态
\n><font color=comment>操作人:</font>  ${createUser.nickname}
\n><font color=comment>状态:    </font>  ${oldValue} - ${newValue}', '/projectDetail/${projectId}/work/${workItemId}', 'kanass', NULL);
INSERT INTO pcs_mec_message_template (id, msg_type_id, msg_send_type_id, title, content, link, bgroup, link_params) VALUES ('c8793d24e88d', 'KANASS_MESSAGETYPE_TASKTODO', 'qywechat', NULL, E'** ${createUser.nickname} ** 给你分配一个新的待办事项
\n><font color=comment>事项: </font><font color=info> [${workItemTitle}](${qywxurl})</font>
\n><font color=comment>类型: </font>  ${workType}', '/projectDetail/${projectId}/work/${workItemId}', 'kanass', NULL);
INSERT INTO pcs_mec_message_template (id, msg_type_id, msg_send_type_id, title, content, link, bgroup, link_params) VALUES ('922ecff071f6', 'KANASS_MESSAGETYPE_JOINPROSET', 'site', '加入项目集', '加入项目集', '/projectSetdetail/${projectSetId}/projectSetProjectList', 'kanass', NULL);
INSERT INTO pcs_mec_message_template (id, msg_type_id, msg_send_type_id, title, content, link, bgroup, link_params) VALUES ('0ef0ea2297b1', 'KANASS_MESSAGETYPE_JOINPROJECT', 'site', '加入项目-站内信', '加入项目', '/projectDetail/${projectId}/workTable', 'kanass', NULL);
INSERT INTO pcs_mec_message_template (id, msg_type_id, msg_send_type_id, title, content, link, bgroup, link_params) VALUES ('KANASS_MESSAGETEMPLATE_UPDATEASSIGNER', 'KANASS_MESSAGETYPE_TASKTODO', 'site', '任务待办-站内信', '<div style=display: flex; align-items: center; font-size: 14px; justify-content: space-between;> <div style=display: flex;align-items: center;> <div style=width: 25px; height: 25px; line-height: 25px; background-color: #ccc; border-radius: 25px;text-align: center; color: #fff;>${createUserIcon}</div> <div style=display: flex; flex-direction: column; padding: 0 10px; width: 250px> <div> <span style=font-weight: 600;> ${createUser.name} </span> 向您分配了事项 </div> <div style=line-height: 30px; display: flex; align-items: center; height: 30px;> <img src=${workTypeIcon} alt= width=16px height=16px> <div style=color: #5d70ea; margin-left: 10px;text-overflow: ellipsis;white-space: nowrap;height: 30px;overflow: hidden;>${workItemTitle}</div> </div> </div> </div> <div style=font-size: 13px;> ${receiveTime} </div> </div>', '/projectDetail/${projectId}/work/${workItemId}', 'kanass', NULL);
INSERT INTO pcs_mec_message_template (id, msg_type_id, msg_send_type_id, title, content, link, bgroup, link_params) VALUES ('KANASS_MESSAGETEMPLATE_UPDATESTATUS', 'KANASS_MESSAGETYPE_UPDATESTATUS', 'site', '事项状态变更-站内信', '<div style=display: flex;  align-items: center;  font-size: 14px;  justify-content: space-between;> <div style=display: flex;align-items: center;> <div style=width: 25px;height: 25px; line-height: 25px; background-color: #ccc; border-radius: 32px; text-align: center; color: #fff;> ${createUserIcon}</div> <div style=display: flex;  flex-direction: column;  padding: 0 20px;> <div> <span style=padding-right: 10px;> ${master.nickname} </span> 更新了 <span style=color: #5d70ea;font-size: 13px; font-weight: 500;> ${workItemTitle} </span> 状态 </div> <div style=line-height: 40px; display: flex; align-items: center; height: 40px;> <div style=padding: 5px 10px; background-color: #F4F5F7; font-size: 12px; line-height: 15px;border-radius: 5px; margin-right: 10px;> ${oldValue. name} </div> ——— <div style=padding: 5px 10px; background-color: #F4F5F7; font-size: 12px; line-height: 15px; border-radius: 5px;margin-left: 10px;> ${newValue. name} </div> </div> </div> </div> <div style=font-size: 13px;> ${receiveTime} </div> </div>', '/projectDetail/${projectId}/work/${workItemId}', 'kanass', NULL);
INSERT INTO pcs_mec_message_template (id, msg_type_id, msg_send_type_id, title, content, link, bgroup, link_params) VALUES ('10f2797a29bd', 'KANASS_MESSAGETYPE_SPRINTUPDATE', 'qywechat', NULL, E'更新迭代 <font color=info> [${sprintName}](${qywxurl})</font>状态
\n><font color=comment>操作人:</font>  ${createUser.nickname}
\n><font color=comment>状态:    </font>  ${oldValue} - ${newValue}', '/${projectId}/sprintdetail/${sprintId}/workTable', 'kanass', NULL);
INSERT INTO pcs_mec_message_template (id, msg_type_id, msg_send_type_id, title, content, link, bgroup, link_params) VALUES ('35c2fd81850c', 'KANASS_MESSAGETYPE_SPRINTUPDATE', 'site', '更新迭代状态', '更新迭代状态', '/${projectId}/sprintdetail/${sprintId}/workTable', 'kanass', NULL);
INSERT INTO pcs_mec_message_template (id, msg_type_id, msg_send_type_id, title, content, link, bgroup, link_params) VALUES ('93a344ced67b', 'KANASS_MESSAGETYPE_SPRINTCREATE', 'qywechat', NULL, E'添加迭代
\n><font color=comment>创建人:    </font> ${createUser.nickname}
\n><font color=comment>迭代:        </font>  [${sprintName}](${qywxurl})', '/${projectId}/sprintdetail/${sprintId}/workTable', 'kanass', NULL);

INSERT INTO pcs_mec_message_type (id, name, description, bgroup) VALUES ('KANASS_MESSAGETYPE_UPDATESTATUS', '更改事项状态', '事项变更', 'kanass');
INSERT INTO pcs_mec_message_type (id, name, description, bgroup) VALUES ('KANASS_MESSAGETYPE_TASKTODO', '给你分配了事项', '任务通知', 'kanass');
INSERT INTO pcs_mec_message_type (id, name, description, bgroup) VALUES ('KANASS_MESSAGETYPE_SPRINTCREATE', '添加迭代', '添加迭代', 'kanass');
INSERT INTO pcs_mec_message_type (id, name, description, bgroup) VALUES ('KANASS_MESSAGETYPE_JOINPROJECT', '加入项目', '加入项目', 'kanass');
INSERT INTO pcs_mec_message_type (id, name, description, bgroup) VALUES ('KANASS_MESSAGETYPE_JOINPROSET', '加入项目集', '加入项目集', 'kanass');
INSERT INTO pcs_mec_message_type (id, name, description, bgroup) VALUES ('KANASS_MESSAGETYPE_SPRINTUPDATE', '更新迭代状态', '更新迭代状态', 'kanass');


INSERT INTO pcs_todo_task_type (id, name, bgroup) VALUES ('KANASS_TODOTYPE_WORKITEMTODO', '给你分配了事项', 'kanass');