INSERT INTO pcs_foc_field (id, name, code, field_type, grouper, is_edit_col, sort, no_edit) VALUES ('d72ab706', '创建人', 'builder', '2acdb67b', 'system', 0, NULL, 1);
INSERT INTO pcs_foc_field (id, name, code, field_type, grouper, is_edit_col, sort, no_edit) VALUES ('e8787ab9', '所属项目', 'project', '2acdb67b', 'system', 0, NULL, 1);
INSERT INTO pcs_foc_field (id, name, code, field_type, grouper, is_edit_col, sort, no_edit) VALUES ('bd073750', '事项类型', 'workType', '2acdb67b', 'system', 0, NULL, 1);
INSERT INTO pcs_foc_field (id, name, code, field_type, grouper, is_edit_col, sort, no_edit) VALUES ('30026c42', '状态', 'status', '2acdb67b', 'system', 0, NULL, 1);
INSERT INTO pcs_foc_field (id, name, code, field_type, grouper, is_edit_col, sort, no_edit) VALUES ('91532da2', '创建时间', 'buildTime', 'defabc6d', 'system', 0, NULL, 1);
INSERT INTO pcs_foc_field (id, name, code, field_type, grouper, is_edit_col, sort, no_edit) VALUES ('3b3ac1bf', '前置事项', 'preDependWorkItem', '2acdb67b', 'system', 0, NULL, 0);
INSERT INTO pcs_foc_field (id, name, code, field_type, grouper, is_edit_col, sort, no_edit) VALUES ('ca554bdd', '计划结束日期', 'planEndTime', '2acdb67b', 'system', 0, NULL, 0);
INSERT INTO pcs_foc_field (id, name, code, field_type, grouper, is_edit_col, sort, no_edit) VALUES ('18f35f29', '进度', 'percent', 'ddb4490b', 'system', 0, NULL, 0);
INSERT INTO pcs_foc_field (id, name, code, field_type, grouper, is_edit_col, sort, no_edit) VALUES ('c5401366', '是否审查', 'examin', '77198981', 'custom', 0, NULL, 0);
INSERT INTO pcs_foc_field (id, name, code, field_type, grouper, is_edit_col, sort, no_edit) VALUES ('42fffc89', '缺陷点', 'bugnum', 'ddb4490b', 'custom', 0, NULL, 0);
INSERT INTO pcs_foc_field (id, name, code, field_type, grouper, is_edit_col, sort, no_edit) VALUES ('7c43a85f', '所属小组', 'groups', '428bb346', 'custom', 0, NULL, 0);
INSERT INTO pcs_foc_field (id, name, code, field_type, grouper, is_edit_col, sort, no_edit) VALUES ('b2565437', '简述', 'resume', 'eaf425a9', 'custom', 0, NULL, 0);
INSERT INTO pcs_foc_field (id, name, code, field_type, grouper, is_edit_col, sort, no_edit) VALUES ('b588f4c3', '测试日期', 'testDate', '59eb5a88', 'custom', 0, NULL, 0);
INSERT INTO pcs_foc_field (id, name, code, field_type, grouper, is_edit_col, sort, no_edit) VALUES ('20a664a5', '任务描述', 'taskDesc', 'eaf425a9', 'custom', 0, NULL, 0);
INSERT INTO pcs_foc_field (id, name, code, field_type, grouper, is_edit_col, sort, no_edit) VALUES ('5f08e5f0', '审核日期', 'examineDate', 'defabc6d', 'custom', 0, NULL, 0);
INSERT INTO pcs_foc_field (id, name, code, field_type, grouper, is_edit_col, sort, no_edit) VALUES ('187d7a58', '优先级', 'workPriority', '2acdb67b', 'syscustom', 0, NULL, 0);
INSERT INTO pcs_foc_field (id, name, code, field_type, grouper, is_edit_col, sort, no_edit) VALUES ('a34d7fc3', '任务类型', 'taskType', '2acdb67b', 'syscustom', 0, NULL, 0);
INSERT INTO pcs_foc_field (id, name, code, field_type, grouper, is_edit_col, sort, no_edit) VALUES ('c4579b11', '需求类型', 'demandType', '77198981', 'syscustom', 0, NULL, 0);
INSERT INTO pcs_foc_field (id, name, code, field_type, grouper, is_edit_col, sort, no_edit) VALUES ('0763e387', '缺陷类型', 'bugType', '2acdb67b', 'syscustom', 0, NULL, 0);
INSERT INTO pcs_foc_field (id, name, code, field_type, grouper, is_edit_col, sort, no_edit) VALUES ('bbbf26c3', '所属版本', 'projectVersion', '2acdb67b', 'system', 0, NULL, 0);
INSERT INTO pcs_foc_field (id, name, code, field_type, grouper, is_edit_col, sort, no_edit) VALUES ('c5710576', '审核人', 'reporter', '2acdb67b', 'system', 0, NULL, 0);
INSERT INTO pcs_foc_field (id, name, code, field_type, grouper, is_edit_col, sort, no_edit) VALUES ('da0fbb82', '剩余用时', 'surplusTime', '2acdb67b', 'system', 0, NULL, 0);
INSERT INTO pcs_foc_field (id, name, code, field_type, grouper, is_edit_col, sort, no_edit) VALUES ('765e3fce', '上级事项', 'parentWorkItem', '2acdb67b', 'system', 0, NULL, 0);
INSERT INTO pcs_foc_field (id, name, code, field_type, grouper, is_edit_col, sort, no_edit) VALUES ('0f9ff2ce', '所属迭代', 'sprint', '2acdb67b', 'system', 0, NULL, 0);
INSERT INTO pcs_foc_field (id, name, code, field_type, grouper, is_edit_col, sort, no_edit) VALUES ('c5e9a38a', '所属计划', 'stage', '2acdb67b', 'system', 0, NULL, 0);
INSERT INTO pcs_foc_field (id, name, code, field_type, grouper, is_edit_col, sort, no_edit) VALUES ('416a168e', '负责人', 'assigner', '2acdb67b', 'system', 0, NULL, 0);
INSERT INTO pcs_foc_field (id, name, code, field_type, grouper, is_edit_col, sort, no_edit) VALUES ('4b18b18a', '报告人', 'reporter', '2acdb67b', 'system', 0, NULL, 0);
INSERT INTO pcs_foc_field (id, name, code, field_type, grouper, is_edit_col, sort, no_edit) VALUES ('691deab6', '描述', 'desc', 'eaf425a9', 'system', 0, NULL, 0);
INSERT INTO pcs_foc_field (id, name, code, field_type, grouper, is_edit_col, sort, no_edit) VALUES ('bec9e2d4', '所属模块', 'module', '2acdb67b', 'system', 0, NULL, 0);
INSERT INTO pcs_foc_field (id, name, code, field_type, grouper, is_edit_col, sort, no_edit) VALUES ('d11e8ce7', '标题', 'title', 'cabda5be', 'system', 0, NULL, 0);
INSERT INTO pcs_foc_field (id, name, code, field_type, grouper, is_edit_col, sort, no_edit) VALUES ('622b36bb', '计划日期', 'planTime', '2acdb67b', 'system', 0, NULL, 0);
INSERT INTO pcs_foc_field (id, name, code, field_type, grouper, is_edit_col, sort, no_edit) VALUES ('f828fa2b', '预估工时', 'estimateTime', '2acdb67b', 'system', 0, NULL, 0);


INSERT INTO pcs_foc_form (id, name, description, grouper, scope, defaults) VALUES ('515f17bd', '任务表单', '任务表单', 'system', 1, 0);
INSERT INTO pcs_foc_form (id, name, description, grouper, scope, defaults) VALUES ('607f6be6', '缺陷表单', '事项表单', 'system', 1, 0);
INSERT INTO pcs_foc_form (id, name, description, grouper, scope, defaults) VALUES ('9a42061f', '事项表单', '事项表单', 'system', 1, 2);
INSERT INTO pcs_foc_form (id, name, description, grouper, scope, defaults) VALUES ('0c5d4ff9', '需求表单', '事项表单', 'system', 1, 0);

INSERT INTO pcs_foc_form_field (id, form_id, field_id, required, sort) VALUES ('9ffc9368', '9a42061f', 'bbbf26c3', 0, 11);
INSERT INTO pcs_foc_form_field (id, form_id, field_id, required, sort) VALUES ('ef97c470', '9a42061f', '91532da2', 0, 19);
INSERT INTO pcs_foc_form_field (id, form_id, field_id, required, sort) VALUES ('c3bf509a', '9a42061f', '622b36bb', 0, 7);
INSERT INTO pcs_foc_form_field (id, form_id, field_id, required, sort) VALUES ('d3ead3a1', '9a42061f', 'c5710576', 0, 12);
INSERT INTO pcs_foc_form_field (id, form_id, field_id, required, sort) VALUES ('31dbe821', '9a42061f', 'd72ab706', 0, 13);
INSERT INTO pcs_foc_form_field (id, form_id, field_id, required, sort) VALUES ('9e9ef85d', '9a42061f', '765e3fce', 0, 15);
INSERT INTO pcs_foc_form_field (id, form_id, field_id, required, sort) VALUES ('4b833374', '9a42061f', 'da0fbb82', 0, 14);
INSERT INTO pcs_foc_form_field (id, form_id, field_id, required, sort) VALUES ('805f79e1', '9a42061f', 'bd073750', 0, 12);
INSERT INTO pcs_foc_form_field (id, form_id, field_id, required, sort) VALUES ('05f4bfba', '9a42061f', 'f828fa2b', 0, 10);
INSERT INTO pcs_foc_form_field (id, form_id, field_id, required, sort) VALUES ('c834a221', '9a42061f', '187d7a58', 0, 4);
INSERT INTO pcs_foc_form_field (id, form_id, field_id, required, sort) VALUES ('37a364b9', '9a42061f', '691deab6', 0, 11);
INSERT INTO pcs_foc_form_field (id, form_id, field_id, required, sort) VALUES ('84203a14', '9a42061f', 'd11e8ce7', 0, 1);
INSERT INTO pcs_foc_form_field (id, form_id, field_id, required, sort) VALUES ('6b3bfc76', '9a42061f', 'c5e9a38a', 0, 16);
INSERT INTO pcs_foc_form_field (id, form_id, field_id, required, sort) VALUES ('d3d39189', '9a42061f', '0f9ff2ce', 0, 5);
INSERT INTO pcs_foc_form_field (id, form_id, field_id, required, sort) VALUES ('c1706215', '9a42061f', '30026c42', 0, 17);
INSERT INTO pcs_foc_form_field (id, form_id, field_id, required, sort) VALUES ('8c0baa53', '9a42061f', '416a168e', 0, 2);
INSERT INTO pcs_foc_form_field (id, form_id, field_id, required, sort) VALUES ('245fa038', '9a42061f', '3b3ac1bf', 0, 9);
INSERT INTO pcs_foc_form_field (id, form_id, field_id, required, sort) VALUES ('3b0a0a35', '9a42061f', '18f35f29', 0, 18);
INSERT INTO pcs_foc_form_field (id, form_id, field_id, required, sort) VALUES ('5b41ab62', '9a42061f', 'bec9e2d4', 0, 6);

INSERT INTO pcs_foc_form_field (id, form_id, field_id, required, sort) VALUES ('68a0e2ce', '0c5d4ff9', 'c5e9a38a', 0, 20);
INSERT INTO pcs_foc_form_field (id, form_id, field_id, required, sort) VALUES ('a3f56768', '0c5d4ff9', '30026c42', 0, 21);
INSERT INTO pcs_foc_form_field (id, form_id, field_id, required, sort) VALUES ('24e8d5f3', '0c5d4ff9', '416a168e', 0, 2);
INSERT INTO pcs_foc_form_field (id, form_id, field_id, required, sort) VALUES ('37879bb0', '0c5d4ff9', 'c4579b11', 0, 27);
INSERT INTO pcs_foc_form_field (id, form_id, field_id, required, sort) VALUES ('29c0e76b', '0c5d4ff9', 'b588f4c3', 0, 14);
INSERT INTO pcs_foc_form_field (id, form_id, field_id, required, sort) VALUES ('8d734806', '0c5d4ff9', 'bbbf26c3', 0, 15);
INSERT INTO pcs_foc_form_field (id, form_id, field_id, required, sort) VALUES ('716bf5b8', '0c5d4ff9', '18f35f29', 0, 22);
INSERT INTO pcs_foc_form_field (id, form_id, field_id, required, sort) VALUES ('ab2cc2fd', '0c5d4ff9', '622b36bb', 0, 7);
INSERT INTO pcs_foc_form_field (id, form_id, field_id, required, sort) VALUES ('bb3c8bae', '0c5d4ff9', '91532da2', 0, 23);
INSERT INTO pcs_foc_form_field (id, form_id, field_id, required, sort) VALUES ('0e1c702b', '0c5d4ff9', 'bd073750', 0, 12);
INSERT INTO pcs_foc_form_field (id, form_id, field_id, required, sort) VALUES ('b842c989', '0c5d4ff9', 'c5710576', 0, 16);
INSERT INTO pcs_foc_form_field (id, form_id, field_id, required, sort) VALUES ('6e780e05', '0c5d4ff9', '3b3ac1bf', 0, 9);
INSERT INTO pcs_foc_form_field (id, form_id, field_id, required, sort) VALUES ('f85a0205', '0c5d4ff9', 'bec9e2d4', 0, 6);
INSERT INTO pcs_foc_form_field (id, form_id, field_id, required, sort) VALUES ('c4c777f7', '0c5d4ff9', '187d7a58', 0, 4);
INSERT INTO pcs_foc_form_field (id, form_id, field_id, required, sort) VALUES ('00e0c40d', '0c5d4ff9', '0f9ff2ce', 0, 5);
INSERT INTO pcs_foc_form_field (id, form_id, field_id, required, sort) VALUES ('7e506285', '0c5d4ff9', 'f828fa2b', 0, 10);
INSERT INTO pcs_foc_form_field (id, form_id, field_id, required, sort) VALUES ('21740fe2', '0c5d4ff9', 'd72ab706', 0, 17);
INSERT INTO pcs_foc_form_field (id, form_id, field_id, required, sort) VALUES ('feda0326', '0c5d4ff9', 'c5401366', 0, 15);
INSERT INTO pcs_foc_form_field (id, form_id, field_id, required, sort) VALUES ('fa1af020', '0c5d4ff9', 'da0fbb82', 0, 18);
INSERT INTO pcs_foc_form_field (id, form_id, field_id, required, sort) VALUES ('b74105c1', '0c5d4ff9', 'd11e8ce7', 0, 1);
INSERT INTO pcs_foc_form_field (id, form_id, field_id, required, sort) VALUES ('984b1739', '0c5d4ff9', '691deab6', 0, 11);
INSERT INTO pcs_foc_form_field (id, form_id, field_id, required, sort) VALUES ('e05bc35c', '0c5d4ff9', '765e3fce', 0, 19);

INSERT INTO pcs_foc_form_field (id, form_id, field_id, required, sort) VALUES ('49ed271d', '515f17bd', 'bd073750', 0, 14);
INSERT INTO pcs_foc_form_field (id, form_id, field_id, required, sort) VALUES ('4f8ac43e', '515f17bd', 'b588f4c3', 0, 2);
INSERT INTO pcs_foc_form_field (id, form_id, field_id, required, sort) VALUES ('ce6ee2d2', '515f17bd', '765e3fce', 0, 18);
INSERT INTO pcs_foc_form_field (id, form_id, field_id, required, sort) VALUES ('517546b5', '515f17bd', '18f35f29', 0, 21);
INSERT INTO pcs_foc_form_field (id, form_id, field_id, required, sort) VALUES ('5fd65b0e', '515f17bd', 'da0fbb82', 0, 17);
INSERT INTO pcs_foc_form_field (id, form_id, field_id, required, sort) VALUES ('4acd2793', '515f17bd', '30026c42', 0, 20);
INSERT INTO pcs_foc_form_field (id, form_id, field_id, required, sort) VALUES ('76a711f1', '515f17bd', 'd72ab706', 0, 16);
INSERT INTO pcs_foc_form_field (id, form_id, field_id, required, sort) VALUES ('48b46471', '515f17bd', '416a168e', 0, 4);
INSERT INTO pcs_foc_form_field (id, form_id, field_id, required, sort) VALUES ('6ee9e04a', '515f17bd', 'c5710576', 0, 15);
INSERT INTO pcs_foc_form_field (id, form_id, field_id, required, sort) VALUES ('a14ac6f4', '515f17bd', 'bbbf26c3', 0, 14);
INSERT INTO pcs_foc_form_field (id, form_id, field_id, required, sort) VALUES ('d1e5ded1', '515f17bd', '0f9ff2ce', 0, 7);
INSERT INTO pcs_foc_form_field (id, form_id, field_id, required, sort) VALUES ('e8c55fbf', '515f17bd', '691deab6', 0, 13);
INSERT INTO pcs_foc_form_field (id, form_id, field_id, required, sort) VALUES ('ed305ca0', '515f17bd', 'a34d7fc3', 0, 25);
INSERT INTO pcs_foc_form_field (id, form_id, field_id, required, sort) VALUES ('e6c30537', '515f17bd', 'c5e9a38a', 0, 19);
INSERT INTO pcs_foc_form_field (id, form_id, field_id, required, sort) VALUES ('f53b5710', '515f17bd', 'd11e8ce7', 0, 3);
INSERT INTO pcs_foc_form_field (id, form_id, field_id, required, sort) VALUES ('73777c17', '515f17bd', '622b36bb', 0, 9);
INSERT INTO pcs_foc_form_field (id, form_id, field_id, required, sort) VALUES ('5bfd45a9', '515f17bd', 'bec9e2d4', 0, 8);
INSERT INTO pcs_foc_form_field (id, form_id, field_id, required, sort) VALUES ('a137742c', '515f17bd', '5f08e5f0', 0, 1);
INSERT INTO pcs_foc_form_field (id, form_id, field_id, required, sort) VALUES ('7d90f051', '515f17bd', '91532da2', 0, 22);
INSERT INTO pcs_foc_form_field (id, form_id, field_id, required, sort) VALUES ('df658d25', '515f17bd', 'f828fa2b', 0, 12);
INSERT INTO pcs_foc_form_field (id, form_id, field_id, required, sort) VALUES ('51ce3b98', '515f17bd', '3b3ac1bf', 0, 11);
INSERT INTO pcs_foc_form_field (id, form_id, field_id, required, sort) VALUES ('a3e30e17', '515f17bd', '187d7a58', 0, 6);

INSERT INTO pcs_foc_form_field (id, form_id, field_id, required, sort) VALUES ('dcf24c56', '607f6be6', '691deab6', 0, 11);
INSERT INTO pcs_foc_form_field (id, form_id, field_id, required, sort) VALUES ('96d7622a', '607f6be6', '622b36bb', 0, 7);
INSERT INTO pcs_foc_form_field (id, form_id, field_id, required, sort) VALUES ('fa7d61ff', '607f6be6', 'da0fbb82', 0, 17);
INSERT INTO pcs_foc_form_field (id, form_id, field_id, required, sort) VALUES ('b56b7250', '607f6be6', '18f35f29', 0, 21);
INSERT INTO pcs_foc_form_field (id, form_id, field_id, required, sort) VALUES ('670a3fe2', '607f6be6', '91532da2', 0, 22);
INSERT INTO pcs_foc_form_field (id, form_id, field_id, required, sort) VALUES ('e1c6a3e9', '607f6be6', 'd72ab706', 0, 16);
INSERT INTO pcs_foc_form_field (id, form_id, field_id, required, sort) VALUES ('63a17241', '607f6be6', '416a168e', 0, 2);
INSERT INTO pcs_foc_form_field (id, form_id, field_id, required, sort) VALUES ('63cc3600', '607f6be6', 'd11e8ce7', 0, 1);
INSERT INTO pcs_foc_form_field (id, form_id, field_id, required, sort) VALUES ('a5775a3d', '607f6be6', '0f9ff2ce', 0, 5);
INSERT INTO pcs_foc_form_field (id, form_id, field_id, required, sort) VALUES ('9e88df4a', '607f6be6', 'c5710576', 0, 15);
INSERT INTO pcs_foc_form_field (id, form_id, field_id, required, sort) VALUES ('64d8236c', '607f6be6', 'bec9e2d4', 0, 6);
INSERT INTO pcs_foc_form_field (id, form_id, field_id, required, sort) VALUES ('53d1bfc4', '607f6be6', 'bbbf26c3', 0, 14);
INSERT INTO pcs_foc_form_field (id, form_id, field_id, required, sort) VALUES ('6a4c87d6', '607f6be6', 'b2565437', 0, 15);
INSERT INTO pcs_foc_form_field (id, form_id, field_id, required, sort) VALUES ('18fd92b9', '607f6be6', '765e3fce', 0, 18);
INSERT INTO pcs_foc_form_field (id, form_id, field_id, required, sort) VALUES ('746a5d65', '607f6be6', 'bd073750', 0, 12);
INSERT INTO pcs_foc_form_field (id, form_id, field_id, required, sort) VALUES ('453c6445', '607f6be6', 'c5e9a38a', 0, 19);
INSERT INTO pcs_foc_form_field (id, form_id, field_id, required, sort) VALUES ('22db201b', '607f6be6', '42fffc89', 0, 14);
INSERT INTO pcs_foc_form_field (id, form_id, field_id, required, sort) VALUES ('e8290d1c', '607f6be6', '187d7a58', 0, 4);
INSERT INTO pcs_foc_form_field (id, form_id, field_id, required, sort) VALUES ('1372dead', '607f6be6', 'f828fa2b', 0, 10);
INSERT INTO pcs_foc_form_field (id, form_id, field_id, required, sort) VALUES ('ea09f08f', '607f6be6', '0763e387', 0, 25);
INSERT INTO pcs_foc_form_field (id, form_id, field_id, required, sort) VALUES ('8e85e8f9', '607f6be6', '3b3ac1bf', 0, 9);
INSERT INTO pcs_foc_form_field (id, form_id, field_id, required, sort) VALUES ('3f2206f7', '607f6be6', '30026c42', 0, 20);